x,y,z,xx,yy,zz
0.0 , 0.0 , 0.0 , -46.7 , -4.3 , -20.4
-31.671654 , -2.9162338 , -13.835155 , -46.7 , -4.3 , -20.4
-38.313217 , -3.5277696 , -16.736393 , -46.7 , -4.3 , -20.4
-41.34097 , -3.806556 , -18.05901 , -46.7 , -4.3 , -20.4
-43.12018 , -3.9703805 , -18.836224 , -46.7 , -4.3 , -20.4
-44.292805 , -4.0783525 , -19.348461 , -46.7 , -4.3 , -20.4
-44.292805 , -4.0783525 , -19.348461 , -46.7 , -4.3 , -20.4
-45.109226 , -4.1535263 , -19.705101 , -46.7 , -4.3 , -20.4
-45.692345 , -4.207218 , -19.959824 , -46.7 , -4.3 , -20.4
-46.11324 , -4.2459726 , -20.143684 , -46.7 , -4.3 , -20.4
-46.417847 , -4.27402 , -20.276747 , -46.7 , -4.3 , -20.4
-46.637913 , -4.2942834 , -20.372877 , -46.7 , -4.3 , -20.4
-46.796154 , -4.308854 , -20.442003 , -46.7 , -4.3 , -20.4
-46.909122 , -4.3192554 , -20.49135 , -46.7 , -4.3 , -20.4
-46.98894 , -4.326605 , -20.526218 , -46.7 , -4.3 , -20.4
-47.044525 , -4.331723 , -20.550499 , -46.7 , -4.3 , -20.4
-47.044525 , -4.331723 , -20.550499 , -46.7 , -4.3 , -20.4
-47.08242 , -4.335212 , -20.567053 , -46.7 , -4.3 , -20.4
-47.107433 , -4.3375154 , -20.577978 , -46.7 , -4.3 , -20.4
-47.12308 , -4.3389564 , -20.584814 , -46.7 , -4.3 , -20.4
-47.131943 , -4.339772 , -20.588686 , -46.7 , -4.3 , -20.4
-47.135902 , -4.340137 , -20.590416 , -46.7 , -4.3 , -20.4
-47.136337 , -4.340177 , -20.590605 , -46.7 , -4.3 , -20.4
-47.136337 , -4.340177 , -20.590605 , -46.7 , -4.3 , -20.4
-47.134254 , -4.3399854 , -20.589695 , -46.7 , -4.3 , -20.4
-47.130386 , -4.3396287 , -20.588005 , -46.7 , -4.3 , -20.4
-47.125263 , -4.339157 , -20.585768 , -46.7 , -4.3 , -20.4
-47.125263 , -4.339157 , -20.585768 , -46.7 , -4.3 , -20.4
-47.119278 , -4.338606 , -20.583153 , -46.7 , -4.3 , -20.4
-47.112705 , -4.338001 , -20.580282 , -46.7 , -4.3 , -20.4
-47.10576 , -4.3373613 , -20.577248 , -46.7 , -4.3 , -20.4
-47.09858 , -4.3367 , -20.57411 , -46.7 , -4.3 , -20.4
-47.091274 , -4.3360276 , -20.57092 , -46.7 , -4.3 , -20.4
-47.083923 , -4.3353505 , -20.567709 , -46.7 , -4.3 , -20.4
-47.076576 , -4.334674 , -20.564499 , -46.7 , -4.3 , -20.4
-47.06927 , -4.3340015 , -20.561308 , -46.7 , -4.3 , -20.4
-47.06204 , -4.333336 , -20.55815 , -46.7 , -4.3 , -20.4
-47.054897 , -4.332678 , -20.555029 , -46.7 , -4.3 , -20.4
-47.047855 , -4.33203 , -20.551952 , -46.7 , -4.3 , -20.4
-47.040924 , -4.3313913 , -20.548925 , -46.7 , -4.3 , -20.4
-47.034103 , -4.3307633 , -20.545946 , -46.7 , -4.3 , -20.4
-47.0274 , -4.3301463 , -20.543018 , -46.7 , -4.3 , -20.4
-47.020817 , -4.3295403 , -20.540142 , -46.7 , -4.3 , -20.4
-47.01435 , -4.3289447 , -20.537317 , -46.7 , -4.3 , -20.4
-47.007996 , -4.3283596 , -20.534542 , -46.7 , -4.3 , -20.4
-47.007996 , -4.3283596 , -20.534542 , -46.7 , -4.3 , -20.4
-47.00176 , -4.3277855 , -20.531816 , -46.7 , -4.3 , -20.4
-46.995636 , -4.3272214 , -20.529142 , -46.7 , -4.3 , -20.4
-46.98962 , -4.3266673 , -20.526514 , -46.7 , -4.3 , -20.4
-46.983715 , -4.3261237 , -20.523933 , -46.7 , -4.3 , -20.4
-46.983715 , -4.3261237 , -20.523933 , -46.7 , -4.3 , -20.4
-46.977913 , -4.3255897 , -20.5214 , -46.7 , -4.3 , -20.4
-46.972214 , -4.325065 , -20.518911 , -46.7 , -4.3 , -20.4
-46.972214 , -4.325065 , -20.518911 , -46.7 , -4.3 , -20.4
-46.966618 , -4.3245497 , -20.516466 , -46.7 , -4.3 , -20.4
-46.966618 , -4.3245497 , -20.516466 , -46.7 , -4.3 , -20.4
-46.96112 , -4.3240433 , -20.514065 , -46.7 , -4.3 , -20.4
-46.96112 , -4.3240433 , -20.514065 , -46.7 , -4.3 , -20.4
-46.955723 , -4.323546 , -20.511705 , -46.7 , -4.3 , -20.4
-46.950417 , -4.3230577 , -20.509388 , -46.7 , -4.3 , -20.4
-46.9452 , -4.3225775 , -20.50711 , -46.7 , -4.3 , -20.4
-46.9452 , -4.3225775 , -20.50711 , -46.7 , -4.3 , -20.4
-46.94008 , -4.322106 , -20.504873 , -46.7 , -4.3 , -20.4
-46.94008 , -4.322106 , -20.504873 , -46.7 , -4.3 , -20.4
-46.935043 , -4.321642 , -20.502672 , -46.7 , -4.3 , -20.4
-46.93009 , -4.3211865 , -20.500511 , -46.7 , -4.3 , -20.4
-46.92523 , -4.320739 , -20.498386 , -46.7 , -4.3 , -20.4
-46.92045 , -4.320298 , -20.496298 , -46.7 , -4.3 , -20.4
-46.91575 , -4.3198657 , -20.494246 , -46.7 , -4.3 , -20.4
-46.91113 , -4.3194404 , -20.492228 , -46.7 , -4.3 , -20.4
-46.906586 , -4.319022 , -20.490242 , -46.7 , -4.3 , -20.4
-46.902122 , -4.3186107 , -20.488293 , -46.7 , -4.3 , -20.4
-46.89773 , -4.3182063 , -20.486374 , -46.7 , -4.3 , -20.4
-46.893414 , -4.317809 , -20.484488 , -46.7 , -4.3 , -20.4
-46.893414 , -4.317809 , -20.484488 , -46.7 , -4.3 , -20.4
-46.889168 , -4.317418 , -20.482634 , -46.7 , -4.3 , -20.4
-46.884995 , -4.317034 , -20.48081 , -46.7 , -4.3 , -20.4
-46.884995 , -4.317034 , -20.48081 , -46.7 , -4.3 , -20.4
-46.88089 , -4.316656 , -20.479017 , -46.7 , -4.3 , -20.4
-46.876854 , -4.316284 , -20.477255 , -46.7 , -4.3 , -20.4
-46.872887 , -4.315919 , -20.475521 , -46.7 , -4.3 , -20.4
-46.872887 , -4.315919 , -20.475521 , -46.7 , -4.3 , -20.4
-46.868984 , -4.31556 , -20.473816 , -46.7 , -4.3 , -20.4
-46.865147 , -4.3152065 , -20.472141 , -46.7 , -4.3 , -20.4
-46.861374 , -4.314859 , -20.470491 , -46.7 , -4.3 , -20.4
-46.861374 , -4.314859 , -20.470491 , -46.7 , -4.3 , -20.4
-46.857662 , -4.314517 , -20.468872 , -46.7 , -4.3 , -20.4
-46.854015 , -4.3141813 , -20.467278 , -46.7 , -4.3 , -20.4
-46.850426 , -4.313851 , -20.46571 , -46.7 , -4.3 , -20.4
-46.846897 , -4.313526 , -20.464169 , -46.7 , -4.3 , -20.4
-46.843426 , -4.3132067 , -20.462652 , -46.7 , -4.3 , -20.4
-46.840015 , -4.3128924 , -20.461163 , -46.7 , -4.3 , -20.4
-46.83666 , -4.3125834 , -20.459696 , -46.7 , -4.3 , -20.4
-46.833363 , -4.3122797 , -20.458256 , -46.7 , -4.3 , -20.4
-46.830116 , -4.3119807 , -20.456839 , -46.7 , -4.3 , -20.4
-46.826927 , -4.3116875 , -20.455444 , -46.7 , -4.3 , -20.4
-46.82379 , -4.3113985 , -20.454075 , -46.7 , -4.3 , -20.4
-46.82379 , -4.3113985 , -20.454075 , -46.7 , -4.3 , -20.4
-46.82379 , -4.3113985 , -20.454075 , -46.7 , -4.3 , -20.4
-46.82071 , -4.311115 , -20.452728 , -46.7 , -4.3 , -20.4
-46.817677 , -4.3108354 , -20.451405 , -46.7 , -4.3 , -20.4
-46.814697 , -4.310561 , -20.450102 , -46.7 , -4.3 , -20.4
-46.811764 , -4.3102913 , -20.448822 , -46.7 , -4.3 , -20.4
-46.808884 , -4.3100257 , -20.447563 , -46.7 , -4.3 , -20.4
-46.808884 , -4.3100257 , -20.447563 , -46.7 , -4.3 , -20.4
-46.808884 , -4.3100257 , -20.447563 , -46.7 , -4.3 , -20.4
-46.806053 , -4.3097653 , -20.446325 , -46.7 , -4.3 , -20.4
-46.806053 , -4.3097653 , -20.446325 , -46.7 , -4.3 , -20.4
-46.806053 , -4.3097653 , -20.446325 , -46.7 , -4.3 , -20.4
-46.80327 , -4.309509 , -20.44511 , -46.7 , -4.3 , -20.4
-46.80053 , -4.3092566 , -20.443914 , -46.7 , -4.3 , -20.4
-46.80053 , -4.3092566 , -20.443914 , -46.7 , -4.3 , -20.4
-46.80053 , -4.3092566 , -20.443914 , -46.7 , -4.3 , -20.4
-46.79784 , -4.309009 , -20.44274 , -46.7 , -4.3 , -20.4
-46.795197 , -4.3087654 , -20.441584 , -46.7 , -4.3 , -20.4
-46.7926 , -4.308526 , -20.440449 , -46.7 , -4.3 , -20.4
-46.790043 , -4.308291 , -20.439333 , -46.7 , -4.3 , -20.4
-46.790043 , -4.308291 , -20.439333 , -46.7 , -4.3 , -20.4
-46.787533 , -4.3080597 , -20.438236 , -46.7 , -4.3 , -20.4
-46.787533 , -4.3080597 , -20.438236 , -46.7 , -4.3 , -20.4
-46.785065 , -4.3078327 , -20.437159 , -46.7 , -4.3 , -20.4
-46.78264 , -4.307609 , -20.436098 , -46.7 , -4.3 , -20.4
-46.780254 , -4.3073897 , -20.435057 , -46.7 , -4.3 , -20.4
-46.777912 , -4.307174 , -20.434034 , -46.7 , -4.3 , -20.4
-46.777912 , -4.307174 , -20.434034 , -46.7 , -4.3 , -20.4
-46.77561 , -4.3069625 , -20.43303 , -46.7 , -4.3 , -20.4
-46.77335 , -4.306754 , -20.432041 , -46.7 , -4.3 , -20.4
-46.77113 , -4.3065495 , -20.43107 , -46.7 , -4.3 , -20.4
-46.77113 , -4.3065495 , -20.43107 , -46.7 , -4.3 , -20.4
-46.768948 , -4.3063483 , -20.430117 , -46.7 , -4.3 , -20.4
-46.766804 , -4.306151 , -20.42918 , -46.7 , -4.3 , -20.4
-46.764694 , -4.3059573 , -20.42826 , -46.7 , -4.3 , -20.4
-46.762627 , -4.3057666 , -20.427357 , -46.7 , -4.3 , -20.4
-46.760593 , -4.305579 , -20.426468 , -46.7 , -4.3 , -20.4
-46.758595 , -4.3053956 , -20.425596 , -46.7 , -4.3 , -20.4
-46.756634 , -4.305215 , -20.424738 , -46.7 , -4.3 , -20.4
-46.754707 , -4.3050375 , -20.423897 , -46.7 , -4.3 , -20.4
-46.752815 , -4.304863 , -20.42307 , -46.7 , -4.3 , -20.4
-46.752815 , -4.304863 , -20.42307 , -46.7 , -4.3 , -20.4
-46.750957 , -4.3046923 , -20.422258 , -46.7 , -4.3 , -20.4
-46.74913 , -4.304524 , -20.421461 , -46.7 , -4.3 , -20.4
-46.74734 , -4.304359 , -20.42068 , -46.7 , -4.3 , -20.4
-46.74558 , -4.304197 , -20.41991 , -46.7 , -4.3 , -20.4
-46.74558 , -4.304197 , -20.41991 , -46.7 , -4.3 , -20.4
-46.74385 , -4.304038 , -20.419155 , -46.7 , -4.3 , -20.4
-46.742157 , -4.3038816 , -20.418415 , -46.7 , -4.3 , -20.4
-46.74049 , -4.303728 , -20.417686 , -46.7 , -4.3 , -20.4
-46.738853 , -4.303578 , -20.416973 , -46.7 , -4.3 , -20.4
-46.73725 , -4.30343 , -20.416271 , -46.7 , -4.3 , -20.4
-46.735672 , -4.3032846 , -20.415583 , -46.7 , -4.3 , -20.4
-46.734127 , -4.3031425 , -20.414907 , -46.7 , -4.3 , -20.4
-46.73261 , -4.303003 , -20.414244 , -46.7 , -4.3 , -20.4
-46.731117 , -4.3028655 , -20.413593 , -46.7 , -4.3 , -20.4
-46.729656 , -4.3027306 , -20.412954 , -46.7 , -4.3 , -20.4
-46.72822 , -4.3025985 , -20.412327 , -46.7 , -4.3 , -20.4
-46.72681 , -4.302469 , -20.41171 , -46.7 , -4.3 , -20.4
-46.72543 , -4.3023415 , -20.411108 , -46.7 , -4.3 , -20.4
-46.72543 , -4.3023415 , -20.411108 , -46.7 , -4.3 , -20.4
-46.72407 , -4.3022165 , -20.410515 , -46.7 , -4.3 , -20.4
-46.72407 , -4.3022165 , -20.410515 , -46.7 , -4.3 , -20.4
-46.72407 , -4.3022165 , -20.410515 , -46.7 , -4.3 , -20.4
-46.72274 , -4.302094 , -20.409933 , -46.7 , -4.3 , -20.4
-46.72274 , -4.302094 , -20.409933 , -46.7 , -4.3 , -20.4
-46.721436 , -4.301974 , -20.409363 , -46.7 , -4.3 , -20.4
-46.720154 , -4.301856 , -20.408804 , -46.7 , -4.3 , -20.4
-46.7189 , -4.30174 , -20.408255 , -46.7 , -4.3 , -20.4
-46.717667 , -4.3016267 , -20.407717 , -46.7 , -4.3 , -20.4
-46.716457 , -4.3015156 , -20.407188 , -46.7 , -4.3 , -20.4
-46.71527 , -4.301406 , -20.40667 , -46.7 , -4.3 , -20.4
-46.71527 , -4.301406 , -20.40667 , -46.7 , -4.3 , -20.4
-46.714108 , -4.301299 , -20.406162 , -46.7 , -4.3 , -20.4
-46.712967 , -4.3011937 , -20.405663 , -46.7 , -4.3 , -20.4
-46.712967 , -4.3011937 , -20.405663 , -46.7 , -4.3 , -20.4
-46.711845 , -4.3010907 , -20.405174 , -46.7 , -4.3 , -20.4
-46.710747 , -4.3009896 , -20.404694 , -46.7 , -4.3 , -20.4
-46.70967 , -4.300891 , -20.404224 , -46.7 , -4.3 , -20.4
-46.70862 , -4.3007936 , -20.403763 , -46.7 , -4.3 , -20.4
-46.70758 , -4.3006983 , -20.40331 , -46.7 , -4.3 , -20.4
-46.706566 , -4.300605 , -20.402868 , -46.7 , -4.3 , -20.4
-46.706566 , -4.300605 , -20.402868 , -46.7 , -4.3 , -20.4
-46.705574 , -4.3005133 , -20.402433 , -46.7 , -4.3 , -20.4
-46.704597 , -4.3004236 , -20.402008 , -46.7 , -4.3 , -20.4
-46.704597 , -4.3004236 , -20.402008 , -46.7 , -4.3 , -20.4
-46.704597 , -4.3004236 , -20.402008 , -46.7 , -4.3 , -20.4
-46.703644 , -4.3003354 , -20.40159 , -46.7 , -4.3 , -20.4
-46.702705 , -4.300249 , -20.40118 , -46.7 , -4.3 , -20.4
-46.702705 , -4.300249 , -20.40118 , -46.7 , -4.3 , -20.4
-46.702705 , -4.300249 , -20.40118 , -46.7 , -4.3 , -20.4
-46.702705 , -4.300249 , -20.40118 , -46.7 , -4.3 , -20.4
-46.701786 , -4.3001647 , -20.40078 , -46.7 , -4.3 , -20.4
-46.701786 , -4.3001647 , -20.40078 , -46.7 , -4.3 , -20.4
-46.700886 , -4.3000817 , -20.400387 , -46.7 , -4.3 , -20.4
-46.700005 , -4.3000007 , -20.400002 , -46.7 , -4.3 , -20.4
-46.700005 , -4.3000007 , -20.400002 , -46.7 , -4.3 , -20.4
-46.69914 , -4.299921 , -20.399624 , -46.7 , -4.3 , -20.4
-46.69829 , -4.299843 , -20.399254 , -46.7 , -4.3 , -20.4
-46.697464 , -4.2997665 , -20.398891 , -46.7 , -4.3 , -20.4
-46.69665 , -4.2996917 , -20.398537 , -46.7 , -4.3 , -20.4
-46.695854 , -4.2996182 , -20.398188 , -46.7 , -4.3 , -20.4
-46.695072 , -4.2995462 , -20.397846 , -46.7 , -4.3 , -20.4
-46.69431 , -4.299476 , -20.397512 , -46.7 , -4.3 , -20.4
-46.693558 , -4.299407 , -20.397186 , -46.7 , -4.3 , -20.4
-46.693558 , -4.299407 , -20.397186 , -46.7 , -4.3 , -20.4
-46.692825 , -4.2993393 , -20.396866 , -46.7 , -4.3 , -20.4
-46.69211 , -4.2992735 , -20.396551 , -46.7 , -4.3 , -20.4
-46.69211 , -4.2992735 , -20.396551 , -46.7 , -4.3 , -20.4
-46.691402 , -4.2992086 , -20.396244 , -46.7 , -4.3 , -20.4
-46.690712 , -4.299145 , -20.395943 , -46.7 , -4.3 , -20.4
-46.690712 , -4.299145 , -20.395943 , -46.7 , -4.3 , -20.4
-46.690037 , -4.2990828 , -20.395647 , -46.7 , -4.3 , -20.4
-46.690037 , -4.2990828 , -20.395647 , -46.7 , -4.3 , -20.4
-46.689377 , -4.299022 , -20.395359 , -46.7 , -4.3 , -20.4
-46.689377 , -4.299022 , -20.395359 , -46.7 , -4.3 , -20.4
-46.688732 , -4.2989626 , -20.395077 , -46.7 , -4.3 , -20.4
-46.688732 , -4.2989626 , -20.395077 , -46.7 , -4.3 , -20.4
-46.688732 , -4.2989626 , -20.395077 , -46.7 , -4.3 , -20.4
-46.6881 , -4.298904 , -20.3948 , -46.7 , -4.3 , -20.4
-46.6881 , -4.298904 , -20.3948 , -46.7 , -4.3 , -20.4
-46.687477 , -4.298847 , -20.39453 , -46.7 , -4.3 , -20.4
-46.68687 , -4.298791 , -20.394264 , -46.7 , -4.3 , -20.4
-46.686275 , -4.2987366 , -20.394005 , -46.7 , -4.3 , -20.4
-46.685696 , -4.2986827 , -20.393751 , -46.7 , -4.3 , -20.4
-46.685696 , -4.2986827 , -20.393751 , -46.7 , -4.3 , -20.4
-46.685127 , -4.2986307 , -20.393501 , -46.7 , -4.3 , -20.4
-46.68457 , -4.298579 , -20.39326 , -46.7 , -4.3 , -20.4
-46.684025 , -4.298529 , -20.39302 , -46.7 , -4.3 , -20.4
-46.68349 , -4.29848 , -20.392788 , -46.7 , -4.3 , -20.4
-46.68349 , -4.29848 , -20.392788 , -46.7 , -4.3 , -20.4
-46.68297 , -4.298432 , -20.39256 , -46.7 , -4.3 , -20.4
-46.68297 , -4.298432 , -20.39256 , -46.7 , -4.3 , -20.4
-46.68246 , -4.298385 , -20.392336 , -46.7 , -4.3 , -20.4
-46.68246 , -4.298385 , -20.392336 , -46.7 , -4.3 , -20.4
-46.68246 , -4.298385 , -20.392336 , -46.7 , -4.3 , -20.4
-46.68196 , -4.298339 , -20.392118 , -46.7 , -4.3 , -20.4
-46.681473 , -4.298294 , -20.391905 , -46.7 , -4.3 , -20.4
-46.680996 , -4.29825 , -20.391697 , -46.7 , -4.3 , -20.4
-46.680996 , -4.29825 , -20.391697 , -46.7 , -4.3 , -20.4
-46.680527 , -4.2982073 , -20.391493 , -46.7 , -4.3 , -20.4
-46.68007 , -4.2981653 , -20.391294 , -46.7 , -4.3 , -20.4
-46.68007 , -4.2981653 , -20.391294 , -46.7 , -4.3 , -20.4
-46.68007 , -4.2981653 , -20.391294 , -46.7 , -4.3 , -20.4
-46.68007 , -4.2981653 , -20.391294 , -46.7 , -4.3 , -20.4
-46.679623 , -4.298124 , -20.391098 , -46.7 , -4.3 , -20.4
-46.679188 , -4.298084 , -20.390907 , -46.7 , -4.3 , -20.4
-46.67876 , -4.2980447 , -20.390722 , -46.7 , -4.3 , -20.4
-46.678345 , -4.298006 , -20.39054 , -46.7 , -4.3 , -20.4
-46.677937 , -4.2979684 , -20.390362 , -46.7 , -4.3 , -20.4
-46.67754 , -4.297932 , -20.390188 , -46.7 , -4.3 , -20.4
-46.67754 , -4.297932 , -20.390188 , -46.7 , -4.3 , -20.4
-46.67754 , -4.297932 , -20.390188 , -46.7 , -4.3 , -20.4
-46.67715 , -4.297896 , -20.390018 , -46.7 , -4.3 , -20.4
-46.67677 , -4.297861 , -20.38985 , -46.7 , -4.3 , -20.4
-46.67677 , -4.297861 , -20.38985 , -46.7 , -4.3 , -20.4
-46.6764 , -4.297827 , -20.389688 , -46.7 , -4.3 , -20.4
-46.676037 , -4.2977934 , -20.38953 , -46.7 , -4.3 , -20.4
-46.676037 , -4.2977934 , -20.38953 , -46.7 , -4.3 , -20.4
-46.675682 , -4.297761 , -20.389376 , -46.7 , -4.3 , -20.4
-46.675335 , -4.297729 , -20.389225 , -46.7 , -4.3 , -20.4
-46.674995 , -4.297698 , -20.389076 , -46.7 , -4.3 , -20.4
-46.674667 , -4.2976675 , -20.388933 , -46.7 , -4.3 , -20.4
-46.674343 , -4.297638 , -20.388792 , -46.7 , -4.3 , -20.4
-46.674343 , -4.297638 , -20.388792 , -46.7 , -4.3 , -20.4
-46.674343 , -4.297638 , -20.388792 , -46.7 , -4.3 , -20.4
-46.67403 , -4.297609 , -20.388655 , -46.7 , -4.3 , -20.4
-46.67403 , -4.297609 , -20.388655 , -46.7 , -4.3 , -20.4
-46.67372 , -4.2975807 , -20.388521 , -46.7 , -4.3 , -20.4
-46.673424 , -4.297553 , -20.38839 , -46.7 , -4.3 , -20.4
-46.673424 , -4.297553 , -20.38839 , -46.7 , -4.3 , -20.4
-46.67313 , -4.2975264 , -20.388262 , -46.7 , -4.3 , -20.4
-46.67313 , -4.2975264 , -20.388262 , -46.7 , -4.3 , -20.4
-46.67313 , -4.2975264 , -20.388262 , -46.7 , -4.3 , -20.4
-46.67313 , -4.2975264 , -20.388262 , -46.7 , -4.3 , -20.4
-46.672848 , -4.2975 , -20.388138 , -46.7 , -4.3 , -20.4
-46.67257 , -4.2974744 , -20.388016 , -46.7 , -4.3 , -20.4
-46.6723 , -4.297449 , -20.387897 , -46.7 , -4.3 , -20.4
-46.6723 , -4.297449 , -20.387897 , -46.7 , -4.3 , -20.4
-46.6723 , -4.297449 , -20.387897 , -46.7 , -4.3 , -20.4
-46.67203 , -4.297425 , -20.387783 , -46.7 , -4.3 , -20.4
-46.67203 , -4.297425 , -20.387783 , -46.7 , -4.3 , -20.4
-46.671776 , -4.2974014 , -20.38767 , -46.7 , -4.3 , -20.4
-46.671776 , -4.2974014 , -20.38767 , -46.7 , -4.3 , -20.4
-46.671524 , -4.297378 , -20.38756 , -46.7 , -4.3 , -20.4
-46.671524 , -4.297378 , -20.38756 , -46.7 , -4.3 , -20.4
-46.671524 , -4.297378 , -20.38756 , -46.7 , -4.3 , -20.4
-46.671524 , -4.297378 , -20.38756 , -46.7 , -4.3 , -20.4
-46.67128 , -4.2973557 , -20.387453 , -46.7 , -4.3 , -20.4
-46.67128 , -4.2973557 , -20.387453 , -46.7 , -4.3 , -20.4
-46.67104 , -4.2973337 , -20.387348 , -46.7 , -4.3 , -20.4
-46.670807 , -4.2973123 , -20.387247 , -46.7 , -4.3 , -20.4
-46.670807 , -4.2973123 , -20.387247 , -46.7 , -4.3 , -20.4
-46.670807 , -4.2973123 , -20.387247 , -46.7 , -4.3 , -20.4
-46.67058 , -4.2972913 , -20.387148 , -46.7 , -4.3 , -20.4
-46.67036 , -4.297271 , -20.38705 , -46.7 , -4.3 , -20.4
-46.670143 , -4.297251 , -20.386957 , -46.7 , -4.3 , -20.4
-46.670143 , -4.297251 , -20.386957 , -46.7 , -4.3 , -20.4
-46.670143 , -4.297251 , -20.386957 , -46.7 , -4.3 , -20.4
-46.669937 , -4.2972317 , -20.386866 , -46.7 , -4.3 , -20.4
-46.66973 , -4.297213 , -20.386778 , -46.7 , -4.3 , -20.4
-46.669533 , -4.297195 , -20.38669 , -46.7 , -4.3 , -20.4
-46.669342 , -4.2971773 , -20.386606 , -46.7 , -4.3 , -20.4
-46.66915 , -4.2971597 , -20.386524 , -46.7 , -4.3 , -20.4
-46.66915 , -4.2971597 , -20.386524 , -46.7 , -4.3 , -20.4
-46.668972 , -4.297143 , -20.386444 , -46.7 , -4.3 , -20.4
-46.668793 , -4.297127 , -20.386368 , -46.7 , -4.3 , -20.4
-46.668793 , -4.297127 , -20.386368 , -46.7 , -4.3 , -20.4
-46.668793 , -4.297127 , -20.386368 , -46.7 , -4.3 , -20.4
-46.668793 , -4.297127 , -20.386368 , -46.7 , -4.3 , -20.4
-46.66862 , -4.297111 , -20.386292 , -46.7 , -4.3 , -20.4
-46.66862 , -4.297111 , -20.386292 , -46.7 , -4.3 , -20.4
-46.668453 , -4.2970953 , -20.386219 , -46.7 , -4.3 , -20.4
-46.66829 , -4.2970805 , -20.386147 , -46.7 , -4.3 , -20.4
-46.668133 , -4.2970657 , -20.386078 , -46.7 , -4.3 , -20.4
-46.66798 , -4.2970514 , -20.386011 , -46.7 , -4.3 , -20.4
-46.667828 , -4.297038 , -20.385946 , -46.7 , -4.3 , -20.4
-46.667828 , -4.297038 , -20.385946 , -46.7 , -4.3 , -20.4
-46.667686 , -4.2970247 , -20.385883 , -46.7 , -4.3 , -20.4
-46.667686 , -4.2970247 , -20.385883 , -46.7 , -4.3 , -20.4
-46.667545 , -4.297012 , -20.385822 , -46.7 , -4.3 , -20.4
-46.667545 , -4.297012 , -20.385822 , -46.7 , -4.3 , -20.4
-46.667545 , -4.297012 , -20.385822 , -46.7 , -4.3 , -20.4
-46.667545 , -4.297012 , -20.385822 , -46.7 , -4.3 , -20.4
-46.667545 , -4.297012 , -20.385822 , -46.7 , -4.3 , -20.4
-46.667408 , -4.296999 , -20.385761 , -46.7 , -4.3 , -20.4
-46.667274 , -4.296987 , -20.385704 , -46.7 , -4.3 , -20.4
-46.667274 , -4.296987 , -20.385704 , -46.7 , -4.3 , -20.4
-46.66715 , -4.296975 , -20.385649 , -46.7 , -4.3 , -20.4
-46.667023 , -4.2969637 , -20.385595 , -46.7 , -4.3 , -20.4
-46.667023 , -4.2969637 , -20.385595 , -46.7 , -4.3 , -20.4
-46.666904 , -4.2969527 , -20.385542 , -46.7 , -4.3 , -20.4
-46.66679 , -4.296942 , -20.38549 , -46.7 , -4.3 , -20.4
-46.66679 , -4.296942 , -20.38549 , -46.7 , -4.3 , -20.4
-46.666676 , -4.2969317 , -20.385443 , -46.7 , -4.3 , -20.4
-46.666676 , -4.2969317 , -20.385443 , -46.7 , -4.3 , -20.4
-46.666676 , -4.2969317 , -20.385443 , -46.7 , -4.3 , -20.4
-46.66657 , -4.2969217 , -20.385395 , -46.7 , -4.3 , -20.4
-46.666462 , -4.296912 , -20.38535 , -46.7 , -4.3 , -20.4
-46.66636 , -4.2969027 , -20.385305 , -46.7 , -4.3 , -20.4
-46.66636 , -4.2969027 , -20.385305 , -46.7 , -4.3 , -20.4
-46.666264 , -4.2968936 , -20.385262 , -46.7 , -4.3 , -20.4
-46.666264 , -4.2968936 , -20.385262 , -46.7 , -4.3 , -20.4
-46.666264 , -4.2968936 , -20.385262 , -46.7 , -4.3 , -20.4
-46.66617 , -4.296885 , -20.38522 , -46.7 , -4.3 , -20.4
-46.666077 , -4.2968764 , -20.38518 , -46.7 , -4.3 , -20.4
-46.666077 , -4.2968764 , -20.38518 , -46.7 , -4.3 , -20.4
-46.666077 , -4.2968764 , -20.38518 , -46.7 , -4.3 , -20.4
-46.66599 , -4.2968683 , -20.385141 , -46.7 , -4.3 , -20.4
-46.66599 , -4.2968683 , -20.385141 , -46.7 , -4.3 , -20.4
-46.66599 , -4.2968683 , -20.385141 , -46.7 , -4.3 , -20.4
-46.66599 , -4.2968683 , -20.385141 , -46.7 , -4.3 , -20.4
-46.66599 , -4.2968683 , -20.385141 , -46.7 , -4.3 , -20.4
-46.66599 , -4.2968683 , -20.385141 , -46.7 , -4.3 , -20.4
-46.665905 , -4.2968607 , -20.385105 , -46.7 , -4.3 , -20.4
-46.665905 , -4.2968607 , -20.385105 , -46.7 , -4.3 , -20.4
-46.665905 , -4.2968607 , -20.385105 , -46.7 , -4.3 , -20.4
-46.66582 , -4.296853 , -20.385069 , -46.7 , -4.3 , -20.4
-46.665745 , -4.296846 , -20.385035 , -46.7 , -4.3 , -20.4
-46.66567 , -4.2968388 , -20.385002 , -46.7 , -4.3 , -20.4
-46.665596 , -4.296832 , -20.38497 , -46.7 , -4.3 , -20.4
-46.665524 , -4.296826 , -20.38494 , -46.7 , -4.3 , -20.4
-46.665524 , -4.296826 , -20.38494 , -46.7 , -4.3 , -20.4
-46.665524 , -4.296826 , -20.38494 , -46.7 , -4.3 , -20.4
-46.66546 , -4.2968197 , -20.38491 , -46.7 , -4.3 , -20.4
-46.665394 , -4.2968135 , -20.384882 , -46.7 , -4.3 , -20.4
-46.665394 , -4.2968135 , -20.384882 , -46.7 , -4.3 , -20.4
-46.665333 , -4.2968082 , -20.384855 , -46.7 , -4.3 , -20.4
-46.665333 , -4.2968082 , -20.384855 , -46.7 , -4.3 , -20.4
-46.665333 , -4.2968082 , -20.384855 , -46.7 , -4.3 , -20.4
-46.665333 , -4.2968082 , -20.384855 , -46.7 , -4.3 , -20.4
-46.665276 , -4.2968025 , -20.38483 , -46.7 , -4.3 , -20.4
-46.665276 , -4.2968025 , -20.38483 , -46.7 , -4.3 , -20.4
-46.66522 , -4.2967973 , -20.384806 , -46.7 , -4.3 , -20.4
-46.66522 , -4.2967973 , -20.384806 , -46.7 , -4.3 , -20.4
-46.66522 , -4.2967973 , -20.384806 , -46.7 , -4.3 , -20.4
-46.665165 , -4.2967925 , -20.384783 , -46.7 , -4.3 , -20.4
-46.66511 , -4.2967877 , -20.38476 , -46.7 , -4.3 , -20.4
-46.66511 , -4.2967877 , -20.38476 , -46.7 , -4.3 , -20.4
-46.665066 , -4.2967834 , -20.384739 , -46.7 , -4.3 , -20.4
-46.66502 , -4.296779 , -20.384718 , -46.7 , -4.3 , -20.4
-46.66502 , -4.296779 , -20.384718 , -46.7 , -4.3 , -20.4
-46.66502 , -4.296779 , -20.384718 , -46.7 , -4.3 , -20.4
-46.664974 , -4.296775 , -20.384699 , -46.7 , -4.3 , -20.4
-46.664932 , -4.296771 , -20.384682 , -46.7 , -4.3 , -20.4
-46.664932 , -4.296771 , -20.384682 , -46.7 , -4.3 , -20.4
-46.664894 , -4.2967677 , -20.384665 , -46.7 , -4.3 , -20.4
-46.664894 , -4.2967677 , -20.384665 , -46.7 , -4.3 , -20.4
-46.664894 , -4.2967677 , -20.384665 , -46.7 , -4.3 , -20.4
-46.664856 , -4.2967644 , -20.384647 , -46.7 , -4.3 , -20.4
-46.664856 , -4.2967644 , -20.384647 , -46.7 , -4.3 , -20.4
-46.66482 , -4.296761 , -20.384632 , -46.7 , -4.3 , -20.4
-46.66482 , -4.296761 , -20.384632 , -46.7 , -4.3 , -20.4
-46.66482 , -4.296761 , -20.384632 , -46.7 , -4.3 , -20.4
-46.664787 , -4.296758 , -20.384619 , -46.7 , -4.3 , -20.4
-46.664757 , -4.2967553 , -20.384605 , -46.7 , -4.3 , -20.4
-46.66473 , -4.2967525 , -20.384592 , -46.7 , -4.3 , -20.4
-46.66473 , -4.2967525 , -20.384592 , -46.7 , -4.3 , -20.4
-46.66473 , -4.2967525 , -20.384592 , -46.7 , -4.3 , -20.4
-46.66473 , -4.2967525 , -20.384592 , -46.7 , -4.3 , -20.4
-46.664703 , -4.29675 , -20.38458 , -46.7 , -4.3 , -20.4
-46.664703 , -4.29675 , -20.38458 , -46.7 , -4.3 , -20.4
-46.664703 , -4.29675 , -20.38458 , -46.7 , -4.3 , -20.4
-46.664677 , -4.2967477 , -20.38457 , -46.7 , -4.3 , -20.4
-46.664677 , -4.2967477 , -20.38457 , -46.7 , -4.3 , -20.4
-46.664654 , -4.296746 , -20.38456 , -46.7 , -4.3 , -20.4
-46.664654 , -4.296746 , -20.38456 , -46.7 , -4.3 , -20.4
-46.664635 , -4.296744 , -20.38455 , -46.7 , -4.3 , -20.4
-46.664616 , -4.296742 , -20.384542 , -46.7 , -4.3 , -20.4
-46.664597 , -4.2967405 , -20.384535 , -46.7 , -4.3 , -20.4
-46.664597 , -4.2967405 , -20.384535 , -46.7 , -4.3 , -20.4
-46.664597 , -4.2967405 , -20.384535 , -46.7 , -4.3 , -20.4
-46.66458 , -4.296739 , -20.384527 , -46.7 , -4.3 , -20.4
-46.66458 , -4.296739 , -20.384527 , -46.7 , -4.3 , -20.4
-46.66458 , -4.296739 , -20.384527 , -46.7 , -4.3 , -20.4
-46.66458 , -4.296739 , -20.384527 , -46.7 , -4.3 , -20.4
-46.66458 , -4.296739 , -20.384527 , -46.7 , -4.3 , -20.4
-46.66458 , -4.296739 , -20.384527 , -46.7 , -4.3 , -20.4
-46.66458 , -4.296739 , -20.384527 , -46.7 , -4.3 , -20.4
-46.66458 , -4.296739 , -20.384527 , -46.7 , -4.3 , -20.4
-46.66457 , -4.2967377 , -20.384521 , -46.7 , -4.3 , -20.4
-46.66457 , -4.2967377 , -20.384521 , -46.7 , -4.3 , -20.4
-46.66457 , -4.2967377 , -20.384521 , -46.7 , -4.3 , -20.4
-46.66457 , -4.2967377 , -20.384521 , -46.7 , -4.3 , -20.4
-46.66457 , -4.2967377 , -20.384521 , -46.7 , -4.3 , -20.4
-46.66457 , -4.2967377 , -20.384521 , -46.7 , -4.3 , -20.4
-46.66456 , -4.2967367 , -20.384516 , -46.7 , -4.3 , -20.4
-46.66456 , -4.2967367 , -20.384516 , -46.7 , -4.3 , -20.4
-46.664547 , -4.296736 , -20.384512 , -46.7 , -4.3 , -20.4
-46.66454 , -4.296735 , -20.384508 , -46.7 , -4.3 , -20.4
-46.66453 , -4.2967343 , -20.384504 , -46.7 , -4.3 , -20.4
-46.66453 , -4.2967343 , -20.384504 , -46.7 , -4.3 , -20.4
-46.664524 , -4.296734 , -20.384502 , -46.7 , -4.3 , -20.4
-46.66452 , -4.2967334 , -20.3845 , -46.7 , -4.3 , -20.4
-46.66452 , -4.2967334 , -20.3845 , -46.7 , -4.3 , -20.4
-46.664516 , -4.296733 , -20.384499 , -46.7 , -4.3 , -20.4
-46.664516 , -4.296733 , -20.384499 , -46.7 , -4.3 , -20.4
-46.664516 , -4.296733 , -20.384499 , -46.7 , -4.3 , -20.4
-46.664516 , -4.296733 , -20.384499 , -46.7 , -4.3 , -20.4
-46.664516 , -4.296733 , -20.384499 , -46.7 , -4.3 , -20.4
-46.664516 , -4.296733 , -20.384499 , -46.7 , -4.3 , -20.4
-46.664516 , -4.296733 , -20.384499 , -46.7 , -4.3 , -20.4
-46.664516 , -4.296733 , -20.3845 , -46.7 , -4.3 , -20.4
-46.664516 , -4.296733 , -20.3845 , -46.7 , -4.3 , -20.4
-46.664516 , -4.296733 , -20.3845 , -46.7 , -4.3 , -20.4
-46.664516 , -4.296733 , -20.3845 , -46.7 , -4.3 , -20.4
-46.66452 , -4.2967334 , -20.3845 , -46.7 , -4.3 , -20.4
-46.66452 , -4.2967334 , -20.3845 , -46.7 , -4.3 , -20.4
-46.66452 , -4.2967334 , -20.3845 , -46.7 , -4.3 , -20.4
-46.66452 , -4.2967334 , -20.3845 , -46.7 , -4.3 , -20.4
-46.664524 , -4.296734 , -20.384502 , -46.7 , -4.3 , -20.4
-46.664524 , -4.296734 , -20.384502 , -46.7 , -4.3 , -20.4
-46.66453 , -4.2967343 , -20.384504 , -46.7 , -4.3 , -20.4
-46.664536 , -4.296735 , -20.384508 , -46.7 , -4.3 , -20.4
-46.664547 , -4.296736 , -20.384512 , -46.7 , -4.3 , -20.4
-46.664555 , -4.2967362 , -20.384516 , -46.7 , -4.3 , -20.4
-46.664555 , -4.2967362 , -20.384516 , -46.7 , -4.3 , -20.4
-46.664555 , -4.2967362 , -20.384516 , -46.7 , -4.3 , -20.4
-46.664555 , -4.2967362 , -20.384516 , -46.7 , -4.3 , -20.4
-46.664555 , -4.2967362 , -20.384516 , -46.7 , -4.3 , -20.4
-46.664566 , -4.296737 , -20.38452 , -46.7 , -4.3 , -20.4
-46.664566 , -4.296737 , -20.38452 , -46.7 , -4.3 , -20.4
-46.664566 , -4.296737 , -20.38452 , -46.7 , -4.3 , -20.4
-46.664566 , -4.296737 , -20.38452 , -46.7 , -4.3 , -20.4
-46.664566 , -4.296737 , -20.38452 , -46.7 , -4.3 , -20.4
-46.664566 , -4.296737 , -20.38452 , -46.7 , -4.3 , -20.4
-46.664577 , -4.2967386 , -20.384525 , -46.7 , -4.3 , -20.4
-46.66459 , -4.2967396 , -20.384531 , -46.7 , -4.3 , -20.4
-46.664604 , -4.296741 , -20.384537 , -46.7 , -4.3 , -20.4
-46.664604 , -4.296741 , -20.384537 , -46.7 , -4.3 , -20.4
-46.66462 , -4.2967424 , -20.384542 , -46.7 , -4.3 , -20.4
-46.66462 , -4.2967424 , -20.384542 , -46.7 , -4.3 , -20.4
-46.66462 , -4.2967424 , -20.384542 , -46.7 , -4.3 , -20.4
-46.66462 , -4.2967424 , -20.384542 , -46.7 , -4.3 , -20.4
-46.66462 , -4.2967424 , -20.384542 , -46.7 , -4.3 , -20.4
-46.66462 , -4.2967424 , -20.384542 , -46.7 , -4.3 , -20.4
-46.66462 , -4.2967424 , -20.384542 , -46.7 , -4.3 , -20.4
-46.66462 , -4.2967424 , -20.384542 , -46.7 , -4.3 , -20.4
-46.664635 , -4.296744 , -20.38455 , -46.7 , -4.3 , -20.4
-46.66465 , -4.2967453 , -20.384558 , -46.7 , -4.3 , -20.4
-46.66467 , -4.2967467 , -20.384565 , -46.7 , -4.3 , -20.4
-46.66467 , -4.2967467 , -20.384565 , -46.7 , -4.3 , -20.4
-46.66467 , -4.2967467 , -20.384565 , -46.7 , -4.3 , -20.4
-46.66467 , -4.2967467 , -20.384565 , -46.7 , -4.3 , -20.4
-46.66467 , -4.2967467 , -20.384565 , -46.7 , -4.3 , -20.4
-46.66467 , -4.2967467 , -20.384565 , -46.7 , -4.3 , -20.4
-46.66469 , -4.2967486 , -20.384573 , -46.7 , -4.3 , -20.4
-46.664707 , -4.2967505 , -20.384583 , -46.7 , -4.3 , -20.4
-46.664726 , -4.2967525 , -20.384592 , -46.7 , -4.3 , -20.4
-46.664726 , -4.2967525 , -20.384592 , -46.7 , -4.3 , -20.4
-46.66475 , -4.2967544 , -20.384602 , -46.7 , -4.3 , -20.4
-46.66475 , -4.2967544 , -20.384602 , -46.7 , -4.3 , -20.4
-46.66475 , -4.2967544 , -20.384602 , -46.7 , -4.3 , -20.4
-46.664772 , -4.2967563 , -20.384611 , -46.7 , -4.3 , -20.4
-46.664795 , -4.2967587 , -20.38462 , -46.7 , -4.3 , -20.4
-46.66482 , -4.296761 , -20.384632 , -46.7 , -4.3 , -20.4
-46.664845 , -4.2967634 , -20.384644 , -46.7 , -4.3 , -20.4
-46.664845 , -4.2967634 , -20.384644 , -46.7 , -4.3 , -20.4
-46.66487 , -4.296766 , -20.384655 , -46.7 , -4.3 , -20.4
-46.664898 , -4.296768 , -20.384666 , -46.7 , -4.3 , -20.4
-46.664898 , -4.296768 , -20.384666 , -46.7 , -4.3 , -20.4
-46.664925 , -4.2967706 , -20.384678 , -46.7 , -4.3 , -20.4
-46.664955 , -4.2967734 , -20.38469 , -46.7 , -4.3 , -20.4
-46.66498 , -4.296776 , -20.384703 , -46.7 , -4.3 , -20.4
-46.66498 , -4.296776 , -20.384703 , -46.7 , -4.3 , -20.4
-46.66498 , -4.296776 , -20.384703 , -46.7 , -4.3 , -20.4
-46.66498 , -4.296776 , -20.384703 , -46.7 , -4.3 , -20.4
-46.66498 , -4.296776 , -20.384703 , -46.7 , -4.3 , -20.4
-46.665012 , -4.2967787 , -20.384716 , -46.7 , -4.3 , -20.4
-46.665012 , -4.2967787 , -20.384716 , -46.7 , -4.3 , -20.4
-46.665043 , -4.2967815 , -20.38473 , -46.7 , -4.3 , -20.4
-46.665073 , -4.2967844 , -20.384743 , -46.7 , -4.3 , -20.4
-46.665108 , -4.2967873 , -20.384756 , -46.7 , -4.3 , -20.4
-46.665108 , -4.2967873 , -20.384756 , -46.7 , -4.3 , -20.4
-46.665108 , -4.2967873 , -20.384756 , -46.7 , -4.3 , -20.4
-46.665108 , -4.2967873 , -20.384756 , -46.7 , -4.3 , -20.4
-46.665108 , -4.2967873 , -20.384756 , -46.7 , -4.3 , -20.4
-46.66514 , -4.29679 , -20.384771 , -46.7 , -4.3 , -20.4
-46.665173 , -4.2967935 , -20.384785 , -46.6 , -4.2 , -20.4
-46.636497 , -4.268088 , -20.3848 , -46.8 , -4.2 , -22.0
-46.636497 , -4.268088 , -20.3848 , -46.8 , -4.2 , -22.0
-46.672962 , -4.247107 , -20.844143 , -46.7 , -4.5 , -22.7
-46.67093 , -4.3179026 , -21.380846 , -45.1 , -4.4 , -15.6
-46.21014 , -4.3409576 , -19.73483 , -45.4 , -4.7 , -17.9
-45.95946 , -4.4439225 , -19.19167 , -45.2 , -5.0 , -18.0
-45.71896 , -4.6052885 , -18.823555 , -42.4 , -4.7 , -5.4
-44.739635 , -4.6370797 , -14.93799 , -42.9 , -5.0 , -10.4
-44.739635 , -4.6370797 , -14.93799 , -42.9 , -5.0 , -10.4
-44.167614 , -4.7463446 , -13.533572 , -42.1 , -5.6 , -10.5
-43.52042 , -4.9983397 , -12.537288 , -40.5 , -5.8 , -5.6
-42.58881 , -5.2398157 , -10.404523 , -39.9 , -6.0 , -5.7
-41.736526 , -5.4735312 , -8.876491 , -39.2 , -6.3 , -5.2
-40.913776 , -5.7302103 , -7.6188364 , -37.8 , -6.6 , -0.9
-39.911926 , -6.0036106 , -5.4685354 , -35.4 , -6.6 , 8.3
-39.911926 , -6.0036106 , -5.4685354 , -35.4 , -6.6 , 8.3
-38.492374 , -6.203059 , -1.2597314 , -32.3 , -7.1 , 17.1
-36.566875 , -6.491886 , 4.338301 , -31.6 , -7.5 , 16.3
-36.566875 , -6.491886 , 4.338301 , -31.6 , -7.5 , 16.3
-36.566875 , -6.491886 , 4.338301 , -31.6 , -7.5 , 16.3
-36.566875 , -6.491886 , 4.338301 , -31.6 , -7.5 , 16.3
-34.96076 , -6.817291 , 8.19537 , -27.1 , -8.9 , 19.9
-32.498016 , -7.456353 , 12.041183 , -26.2 , -9.3 , 19.3
-32.498016 , -7.456353 , 12.041183 , -26.2 , -9.3 , 19.3
-32.498016 , -7.456353 , 12.041183 , -26.2 , -9.3 , 19.3
-32.498016 , -7.456353 , 12.041183 , -26.2 , -9.3 , 19.3
-32.498016 , -7.456353 , 12.041183 , -26.2 , -9.3 , 19.3
-32.498016 , -7.456353 , 12.041183 , -26.2 , -9.3 , 19.3
-32.498016 , -7.456353 , 12.041183 , -26.2 , -9.3 , 19.3
-32.498016 , -7.456353 , 12.041183 , -26.2 , -9.3 , 19.3
-32.498016 , -7.456353 , 12.041183 , -26.2 , -9.3 , 19.3
-32.498016 , -7.456353 , 12.041183 , -26.2 , -9.3 , 19.3
-32.498016 , -7.456353 , 12.041183 , -26.2 , -9.3 , 19.3
-32.498016 , -7.456353 , 12.041183 , -26.2 , -9.3 , 19.3
-32.498016 , -7.456353 , 12.041183 , -26.2 , -9.3 , 19.3
-32.498016 , -7.456353 , 12.041183 , -26.2 , -9.3 , 19.3
-32.498016 , -7.456353 , 12.041183 , -26.2 , -9.3 , 19.3
-32.498016 , -7.456353 , 12.041183 , -26.2 , -9.3 , 19.3
-32.498016 , -7.456353 , 12.041183 , -26.2 , -9.3 , 19.3
-32.498016 , -7.456353 , 12.041183 , -26.2 , -9.3 , 19.3
-30.442741 , -8.037598 , 14.672397 , -1.8 , -13.3 , 29.2
-30.442741 , -8.037598 , 14.672397 , -1.8 , -13.3 , 29.2
-21.941772 , -9.609558 , 19.4282 , 0.8 , -13.7 , 33.1
-21.941772 , -9.609558 , 19.4282 , 0.8 , -13.7 , 33.1
-21.941772 , -9.609558 , 19.4282 , 0.8 , -13.7 , 33.1
-21.941772 , -9.609558 , 19.4282 , 0.8 , -13.7 , 33.1
-14.986232 , -10.872369 , 24.014402 , 5.8 , -14.8 , 36.9
-14.986232 , -10.872369 , 24.014402 , 5.8 , -14.8 , 36.9
-8.473923 , -12.109659 , 28.446714 , 7.9 , -15.0 , 43.6
-8.473923 , -12.109659 , 28.446714 , 7.9 , -15.0 , 43.6
-8.473923 , -12.109659 , 28.446714 , 7.9 , -15.0 , 43.6
-8.473923 , -12.109659 , 28.446714 , 7.9 , -15.0 , 43.6
-8.473923 , -12.109659 , 28.446714 , 7.9 , -15.0 , 43.6
-8.473923 , -12.109659 , 28.446714 , 7.9 , -15.0 , 43.6
-8.473923 , -12.109659 , 28.446714 , 7.9 , -15.0 , 43.6
-8.473923 , -12.109659 , 28.446714 , 7.9 , -15.0 , 43.6
-3.1196978 , -13.069681 , 33.597603 , 17.4 , -17.4 , 41.9
-3.1196978 , -13.069681 , 33.597603 , 17.4 , -17.4 , 41.9
3.5098567 , -14.458036 , 36.86211 , 19.4 , -17.8 , 41.7
8.917995 , -15.585306 , 39.176968 , 20.3 , -18.0 , 41.9
13.115994 , -16.463987 , 40.911774 , 21.6 , -18.5 , 38.7
13.115994 , -16.463987 , 40.911774 , 21.6 , -18.5 , 38.7
16.542904 , -17.24677 , 41.246532 , 23.5 , -18.8 , 38.6
19.577396 , -17.901869 , 41.447235 , 24.8 , -19.2 , 35.9
22.152155 , -18.492153 , 40.804054 , 24.7 , -18.7 , 42.2
23.988562 , -18.776688 , 42.12665 , 26.3 , -19.6 , 35.6
25.772593 , -19.239328 , 41.18512 , 26.4 , -19.1 , 39.8
27.0877 , -19.430433 , 41.687305 , 27.9 , -20.0 , 33.9
28.461515 , -19.824675 , 40.347366 , 28.4 , -20.0 , 34.0
29.591228 , -20.109175 , 39.382534 , 29.4 , -20.3 , 30.9
30.685867 , -20.39948 , 37.774376 , 29.9 , -20.2 , 31.1
31.611378 , -20.579247 , 36.643265 , 30.9 , -20.6 , 27.2
32.55669 , -20.821638 , 34.685226 , 30.9 , -20.3 , 29.7
33.2296 , -20.90899 , 33.959408 , 32.3 , -21.0 , 23.0
34.105064 , -21.169897 , 31.495619 , 32.6 , -21.0 , 22.3
34.813103 , -21.356876 , 29.483187 , 33.9 , -21.6 , 15.9
35.685677 , -21.66193 , 26.16633 , 34.3 , -21.7 , 14.2
36.420406 , -21.90986 , 23.245071 , 35.9 , -22.5 , 6.0
37.398663 , -22.316814 , 18.749409 , 36.2 , -22.5 , 5.0
38.182064 , -22.610502 , 15.169358 , 36.9 , -22.8 , 1.0
38.937782 , -22.907402 , 11.399375 , 37.8 , -23.3 , -3.4
39.730698 , -23.263996 , 7.3769383 , 37.2 , -22.9 , 0.6
40.120586 , -23.406034 , 5.580669 , 37.9 , -23.3 , -3.2
40.58884 , -23.620682 , 3.1753914 , 38.2 , -23.5 , -5.0
40.999805 , -23.831057 , 0.8992001 , 38.3 , -23.5 , -4.6
41.31167 , -23.98094 , -0.6508835 , 39.1 , -24.1 , -8.8
41.752033 , -24.258709 , -2.988986 , 38.4 , -23.8 , -4.9
41.856266 , -24.371828 , -3.579337 , 40.3 , -25.1 , -15.0
42.460686 , -24.823498 , -6.9070306 , 38.5 , -24.1 , -3.9
42.36972 , -24.862974 , -6.1548696 , 38.7 , -24.4 , -3.7
42.34419 , -24.973953 , -5.545912 , 40.8 , -25.8 , -14.7
42.911705 , -25.452734 , -8.254116 , 41.0 , -26.3 , -14.6
43.368034 , -25.942263 , -10.203644 , 40.7 , -26.3 , -10.9
43.599792 , -26.296173 , -10.5654 , 40.9 , -26.8 , -10.7
43.81091 , -26.694273 , -10.769851 , 41.7 , -27.7 , -14.1
44.1792 , -27.239353 , -11.8917 , 40.6 , -27.4 , -6.4
44.11767 , -27.547674 , -10.500786 , 40.5 , -27.7 , -3.8
44.028877 , -27.854916 , -8.735496 , 40.7 , -28.4 , -3.7
44.00645 , -28.276058 , -7.413941 , 39.9 , -28.1 , 3.2
44.00645 , -28.276058 , -7.413941 , 39.9 , -28.1 , 3.2
43.74603 , -28.493662 , -4.46723 , 41.5 , -30.5 , -2.2
44.000114 , -29.336706 , -3.8602614 , 39.8 , -29.9 , 8.8
43.68427 , -29.776632 , -0.26147392 , 40.2 , -30.9 , 7.9
43.554176 , -30.38054 , 2.11156 , 39.7 , -31.2 , 12.4
43.30209 , -30.90353 , 5.1360736 , 39.8 , -31.8 , 13.7
43.30209 , -30.90353 , 5.1360736 , 39.8 , -31.8 , 13.7
43.133133 , -31.453295 , 7.718519 , 38.6 , -32.2 , 22.2
42.65246 , -31.965208 , 12.041555 , 37.9 , -32.3 , 26.8
42.08756 , -32.363346 , 16.517876 , 38.1 , -33.0 , 27.1
41.719498 , -32.850292 , 19.872091 , 37.3 , -33.1 , 31.7
41.208942 , -33.23008 , 23.637844 , 36.5 , -32.9 , 36.7
40.594524 , -33.445457 , 27.818228 , 36.3 , -33.3 , 38.1
40.07656 , -33.712666 , 31.268505 , 36.8 , -34.4 , 35.5
39.83015 , -34.218475 , 33.037167 , 36.3 , -34.5 , 38.7
39.495846 , -34.61198 , 35.238747 , 35.9 , -34.7 , 40.4
39.126205 , -34.952003 , 37.32634 , 35.1 , -34.4 , 44.3
38.616318 , -35.109547 , 39.960884 , 35.2 , -35.2 , 42.6
38.262215 , -35.44906 , 41.389256 , 33.9 , -34.5 , 47.8
37.620914 , -35.491573 , 43.913597 , 34.0 , -35.1 , 46.3
37.171303 , -35.68968 , 45.317963 , 34.4 , -36.0 , 42.6
36.948154 , -36.08759 , 45.272423 , 33.0 , -35.0 , 47.6
36.37477 , -36.08687 , 46.66101 , 33.7 , -36.2 , 42.5
36.14762 , -36.425426 , 46.202606 , 33.1 , -36.2 , 42.5
35.801167 , -36.66805 , 45.855972 , 32.7 , -36.0 , 42.3
35.425045 , -36.783195 , 45.534016 , 32.8 , -36.7 , 38.5
35.17079 , -37.06317 , 44.19837 , 32.6 , -37.0 , 35.6
34.919857 , -37.349007 , 42.380035 , 31.8 , -36.4 , 37.3
34.499546 , -37.381134 , 41.528053 , 32.1 , -37.2 , 31.1
34.27094 , -37.629124 , 39.118523 , 32.1 , -37.5 , 26.9
34.0967 , -37.891636 , 36.1442 , 32.1 , -37.9 , 22.6
33.96237 , -38.19344 , 32.7292 , 31.8 , -38.1 , 18.3
33.771393 , -38.466633 , 28.993048 , 31.1 , -37.6 , 18.5
33.424488 , -38.518253 , 26.313108 , 30.8 , -37.6 , 14.7
33.078423 , -38.551235 , 23.259823 , 31.5 , -38.9 , 4.2
33.019806 , -38.943275 , 18.01405 , 30.8 , -38.5 , 3.9
32.770214 , -39.11056 , 14.090189 , 30.4 , -38.3 , 1.2
32.467133 , -39.170856 , 10.446222 , 30.1 , -38.3 , -2.3
32.153778 , -39.210297 , 6.778684 , 29.6 , -38.2 , -5.0
31.775766 , -39.205887 , 3.3242452 , 29.4 , -38.1 , -8.4
31.436657 , -39.169483 , -0.17402749 , 28.5 , -37.4 , -7.5
30.92555 , -38.937805 , -2.4709802 , 28.8 , -38.1 , -13.8
30.632824 , -38.964714 , -5.9524145 , 29.0 , -38.8 , -22.1
30.471287 , -39.180775 , -10.872255 , 28.3 , -38.0 , -20.0
30.14787 , -39.10526 , -13.8619995 , 27.1 , -36.8 , -14.5
30.14787 , -39.10526 , -13.8619995 , 27.1 , -36.8 , -14.5
29.562946 , -38.70199 , -14.465207 , 26.8 , -37.0 , -20.5
29.044968 , -38.460445 , -16.61897 , 26.1 , -36.4 , -17.3
28.461523 , -38.108036 , -17.26949 , 25.6 , -36.1 , -17.4
27.887753 , -37.76069 , -17.766418 , 25.2 , -35.8 , -16.3
27.349937 , -37.4172 , -17.80712 , 25.1 , -35.9 , -17.5
26.924599 , -37.191315 , -18.173428 , 24.8 , -35.6 , -16.4
26.524366 , -36.936916 , -18.11874 , 24.1 , -34.9 , -12.4
26.028034 , -36.54717 , -16.925297 , 24.0 , -35.1 , -13.9
25.633554 , -36.31651 , -16.475681 , 23.5 , -34.6 , -11.0
25.199087 , -36.00171 , -15.30937 , 23.2 , -34.4 , -10.4
24.79286 , -35.71148 , -14.278487 , 23.1 , -34.5 , -11.7
24.464746 , -35.525307 , -13.89147 , 22.2 , -33.5 , -5.0
23.964647 , -35.10012 , -11.683107 , 22.1 , -33.6 , -6.1
23.568197 , -34.81551 , -10.378641 , 21.4 , -32.9 , -1.5
23.075762 , -34.404587 , -8.102321 , 21.1 , -32.8 , -0.8
22.627924 , -34.073368 , -6.2335377 , 20.8 , -32.6 , -0.7
22.21285 , -33.771908 , -4.835273 , 19.8 , -31.4 , 8.0
21.621313 , -33.2058 , -1.3173802 , 19.4 , -31.1 , 9.1
21.07284 , -32.704224 , 1.5718597 , 19.1 , -31.0 , 9.6
20.584686 , -32.307316 , 3.8286412 , 18.5 , -30.1 , 14.1
20.054844 , -31.757864 , 6.7683544 , 18.0 , -29.5 , 17.1
19.52333 , -31.182999 , 9.776854 , 17.2 , -28.6 , 21.7
18.90481 , -30.503777 , 13.293225 , 16.8 , -28.1 , 24.5
18.337448 , -29.863058 , 16.664293 , 16.7 , -28.3 , 21.0
17.89362 , -29.451237 , 18.123226 , 15.6 , -26.4 , 32.2
17.253754 , -28.605276 , 22.39509 , 15.6 , -26.8 , 27.6
16.785864 , -28.10104 , 24.196125 , 14.6 , -25.1 , 36.8
16.157373 , -27.245201 , 28.143526 , 14.8 , -25.4 , 31.4
15.7554035 , -26.705473 , 29.476688 , 14.4 , -24.8 , 32.2
15.347296 , -26.139217 , 30.67412 , 14.4 , -25.0 , 27.8
15.0494 , -25.782902 , 30.282362 , 13.7 , -23.8 , 31.8
14.631639 , -25.179129 , 31.135143 , 13.4 , -23.2 , 31.9
14.240923 , -24.566452 , 31.78061 , 13.3 , -23.1 , 28.3
13.927379 , -24.090658 , 31.214453 , 12.9 , -22.5 , 28.1
13.5844 , -23.57185 , 30.736559 , 12.5 , -21.8 , 28.0
13.219982 , -22.99307 , 30.35209 , 12.2 , -21.2 , 27.2
12.868618 , -22.39923 , 29.835629 , 12.3 , -21.2 , 20.2
12.641467 , -21.966396 , 27.44685 , 11.9 , -20.5 , 20.1
12.361964 , -21.450884 , 25.66624 , 11.7 , -20.1 , 16.7
12.101531 , -20.960968 , 23.385653 , 11.7 , -19.9 , 10.5
11.912384 , -20.54717 , 19.938116 , 11.2 , -19.1 , 11.5
11.632177 , -20.01726 , 17.700682 , 11.0 , -18.4 , 10.5
11.371372 , -19.431204 , 15.775929 , 10.6 , -18.2 , 5.8
11.067519 , -18.947447 , 13.020586 , 10.6 , -17.6 , 1.8
10.846824 , -18.424025 , 9.859178 , 10.0 , -16.8 , 5.8
10.515117 , -17.814423 , 8.693185 , 9.9 , -16.5 , 1.1
10.245516 , -17.285154 , 6.494753 , 9.7 , -16.1 , -4.2
9.992738 , -16.786097 , 3.370105 , 9.4 , -15.6 , -4.1
9.723664 , -16.28059 , 1.1156969 , 9.0 , -14.7 , -0.8
9.414083 , -15.655899 , 0.41479832 , 8.9 , -14.7 , -7.8
9.160862 , -15.2019615 , -2.100003 , 8.6 , -13.9 , -4.7
9.160862 , -15.2019615 , -2.100003 , 8.6 , -13.9 , -4.7
8.891616 , -14.643842 , -3.047806 , 8.2 , -13.2 , -9.4
8.582058 , -14.038289 , -5.0835037 , 7.8 , -12.4 , -5.3
8.243078 , -13.369533 , -5.393848 , 7.6 , -11.9 , -4.9
7.9399285 , -12.740616 , -5.5021815 , 7.5 , -11.7 , -8.0
7.691673 , -12.226878 , -6.465223 , 7.3 , -11.3 , -9.5
7.4549565 , -11.740175 , -7.5948334 , 6.9 , -10.6 , -4.9
7.1694326 , -11.187407 , -7.099004 , 6.9 , -10.5 , -10.8
6.9628205 , -10.758258 , -8.421859 , 6.8 , -10.1 , -9.6
6.7852983 , -10.333653 , -9.040992 , 6.3 , -9.3 , -0.2
6.514509 , -9.797879 , -6.7970815 , 6.3 , -8.9 , -0.9
6.3187494 , -9.295452 , -5.352693 , 6.0 , -8.4 , 0.3
6.091962 , -8.788854 , -3.9493134 , 6.0 , -8.1 , 0.3
5.928424 , -8.336558 , -2.9200194 , 5.9 , -7.7 , 0.1
5.7825108 , -7.8953986 , -2.22189 , 5.9 , -7.3 , 0.6
5.6781263 , -7.4624395 , -1.5657089 , 5.6 , -6.8 , 6.0
5.5181937 , -7.0068974 , 0.46275926 , 5.6 , -6.3 , 9.8
5.403558 , -6.534901 , 3.0359395 , 5.6 , -6.0 , 10.2
5.322041 , -6.108209 , 5.0330777 , 5.6 , -5.6 , 9.5
5.2647285 , -5.686062 , 6.293415 , 5.2 , -5.0 , 18.0
5.1105547 , -5.210016 , 9.649041 , 5.2 , -4.6 , 21.6
5.0000973 , -4.7518888 , 13.132814 , 5.2 , -4.3 , 18.4
4.9216022 , -4.335557 , 14.762177 , 5.1 , -3.8 , 25.6
4.8378315 , -3.8925638 , 18.013031 , 5.1 , -3.3 , 28.9
4.778825 , -3.4301257 , 21.33201 , 5.3 , -3.1 , 22.3
4.795175 , -3.0394251 , 21.865189 , 5.4 , -2.7 , 25.0
4.8379574 , -2.6439514 , 23.02405 , 5.4 , -2.3 , 25.0
4.871389 , -2.2450228 , 23.867088 , 5.1 , -1.9 , 34.2
4.8120403 , -1.8436037 , 27.113237 , 5.2 , -1.4 , 36.3
4.799359 , -1.411767 , 30.082935 , 5.4 , -1.1 , 30.2
4.849406 , -1.0149958 , 30.501884 , 5.1 , -0.7 , 39.9
4.8021173 , -0.6152681 , 33.579403 , 5.3 , -0.3 , 36.2
4.8267913 , -0.21341228 , 34.76362 , 5.5 , 0.0 , 31.9
4.9040494 , 0.16133444 , 34.391323 , 5.5 , 0.4 , 31.9
4.962446 , 0.5448627 , 34.112167 , 5.6 , 0.7 , 28.4
5.035634 , 0.90615386 , 32.899227 , 5.5 , 1.1 , 29.9
5.062328 , 1.2797933 , 32.43542 , 5.6 , 1.4 , 25.8
5.1122465 , 1.6338079 , 30.916363 , 5.7 , 1.8 , 24.5
5.179106 , 2.0020833 , 29.427797 , 5.8 , 2.1 , 22.0
5.2583084 , 2.3521354 , 27.618477 , 5.9 , 2.6 , 17.4
5.3464875 , 2.7461035 , 24.973969 , 6.0 , 2.9 , 13.2
5.4411807 , 3.114899 , 21.834045 , 5.9 , 3.3 , 14.1
5.483328 , 3.4938939 , 19.792847 , 6.0 , 3.7 , 10.1
5.5442715 , 3.8803241 , 17.15292 , 6.0 , 4.0 , 8.4
5.5902905 , 4.2435374 , 14.734386 , 6.2 , 4.4 , 0.0
5.6826167 , 4.618383 , 10.5603695 , 6.2 , 4.9 , -4.8
5.7515016 , 5.0303407 , 6.134406 , 6.2 , 5.1 , -4.8
5.8032036 , 5.383524 , 2.899547 , 6.1 , 5.3 , -4.0
5.813678 , 5.693712 , 0.7655918 , 6.1 , 5.6 , -9.8
5.8226066 , 6.001085 , -2.4521317 , 6.2 , 6.2 , -15.1
5.8590097 , 6.392277 , -6.318395 , 6.0 , 6.3 , -10.9
5.829595 , 6.7016063 , -7.9383955 , 5.9 , 6.7 , -15.1
5.780665 , 7.0369487 , -10.32 , 6.0 , 7.0 , -20.5
5.7747097 , 7.3626795 , -13.601468 , 5.7 , 7.0 , -10.5
5.685661 , 7.595499 , -13.1318245 , 5.9 , 7.5 , -20.1
5.6789813 , 7.9035215 , -15.52991 , 5.5 , 7.4 , -10.0
5.560768 , 8.094787 , -14.385379 , 5.5 , 7.5 , -10.3
5.4755077 , 8.257951 , -13.627656 , 5.4 , 7.9 , -16.0
5.385725 , 8.486479 , -14.698828 , 5.5 , 8.0 , -15.2
5.3498898 , 8.676951 , -15.246638 , 5.3 , 8.1 , -10.0
5.2676234 , 8.839626 , -14.152229 , 5.2 , 8.2 , -9.4
5.2676234 , 8.839626 , -14.152229 , 5.2 , 8.2 , -9.4
5.180032 , 8.982011 , -13.174018 , 5.2 , 8.5 , -8.9
5.117174 , 9.166846 , -12.309771 , 5.0 , 8.4 , -5.1
5.0151563 , 9.268262 , -10.58463 , 5.1 , 8.7 , -9.4
4.97038 , 9.423221 , -10.5489645 , 4.8 , 8.6 , -5.6
4.852965 , 9.502879 , -9.430413 , 4.8 , 8.8 , -3.9
4.768313 , 9.613397 , -8.121439 , 4.8 , 8.8 , -4.7
4.707623 , 9.689286 , -7.389201 , 4.7 , 8.9 , -3.4
4.635832 , 9.76853 , -6.4779196 , 4.6 , 8.8 , 0.1
4.555924 , 9.793038 , -4.806347 , 4.4 , 8.7 , 5.5
4.4414616 , 9.777591 , -2.0355115 , 4.3 , 8.9 , 5.5
4.330364 , 9.818866 , -0.007173516 , 4.2 , 8.9 , 9.4
4.221739 , 9.844442 , 2.5938144 , 4.0 , 8.8 , 13.6
4.086312 , 9.829983 , 5.698679 , 3.9 , 9.0 , 13.9
3.9599228 , 9.872183 , 8.054946 , 3.8 , 9.0 , 18.0
3.8401587 , 9.898635 , 10.950697 , 3.8 , 9.2 , 18.1
3.7538714 , 9.970873 , 13.095372 , 3.8 , 9.1 , 21.7
3.6920683 , 9.990783 , 15.691921 , 3.6 , 9.4 , 22.4
3.5909276 , 10.086965 , 17.788265 , 3.6 , 9.6 , 22.4
3.5182662 , 10.210345 , 19.317953 , 3.5 , 9.3 , 32.3
3.4378119 , 10.210551 , 23.266151 , 3.5 , 9.7 , 29.4
3.3802786 , 10.321079 , 25.318724 , 3.6 , 9.9 , 29.6
3.3681204 , 10.455081 , 26.871752 , 3.6 , 10.1 , 29.6
3.3605087 , 10.606274 , 28.001896 , 3.5 , 9.9 , 36.3
3.3275855 , 10.655589 , 30.739962 , 3.5 , 10.3 , 32.3
3.3047595 , 10.802159 , 31.59111 , 3.6 , 10.3 , 36.3
3.3179212 , 10.905401 , 33.351658 , 3.6 , 10.5 , 33.2
3.328759 , 11.034226 , 33.74503 , 3.6 , 10.9 , 29.8
3.3378754 , 11.239019 , 33.052776 , 3.7 , 10.8 , 32.4
3.3743281 , 11.356287 , 33.28393 , 3.8 , 11.3 , 26.2
3.4307423 , 11.581277 , 31.672153 , 3.8 , 11.2 , 29.5
3.473104 , 11.713342 , 31.431768 , 3.8 , 11.3 , 29.9
3.5051603 , 11.834709 , 31.364548 , 3.8 , 11.8 , 22.2
3.5296543 , 12.062744 , 29.106201 , 3.9 , 11.9 , 21.8
3.5772104 , 12.254316 , 27.335188 , 4.0 , 12.2 , 18.5
3.6416016 , 12.476461 , 25.091278 , 4.1 , 12.6 , 10.5
3.7182698 , 12.7495775 , 21.157345 , 4.1 , 12.5 , 14.2
3.775265 , 12.916877 , 19.336605 , 4.2 , 12.7 , 10.4
3.8464575 , 13.092653 , 16.915653 , 4.3 , 13.2 , 5.6
3.9279985 , 13.360483 , 13.77034 , 4.3 , 13.5 , 0.3
3.9884565 , 13.638386 , 9.953146 , 4.3 , 13.5 , 0.7
4.0334673 , 13.837797 , 7.276669 , 4.4 , 13.9 , -3.7
4.0957704 , 14.094268 , 4.0616517 , 4.4 , 14.3 , -8.8
4.1420755 , 14.392454 , 0.25339073 , 4.4 , 14.5 , -9.5
4.176658 , 14.6638975 , -2.7287009 , 4.4 , 15.0 , -14.7
4.2026463 , 15.001609 , -6.3934383 , 4.4 , 15.1 , -13.9
4.222332 , 15.273296 , -8.83967 , 4.5 , 15.5 , -20.2
4.2660046 , 15.582527 , -12.42572 , 4.4 , 15.3 , -12.4
4.2699714 , 15.747514 , -12.810073 , 4.5 , 15.6 , -15.1
4.3021145 , 15.950096 , -13.857353 , 4.6 , 16.1 , -20.2
4.354844 , 16.237398 , -16.075903 , 4.5 , 16.2 , -18.7
4.36538 , 16.472193 , -17.26211 , 4.5 , 16.5 , -19.6
4.37366 , 16.725805 , -18.37984 , 4.7 , 16.7 , -19.6
4.437501 , 16.964563 , -19.189804 , 4.8 , 17.0 , -19.0
4.5133348 , 17.221064 , -19.602934 , 4.9 , 17.3 , -20.4
4.597909 , 17.49053 , -20.298084 , 4.9 , 17.4 , -19.5
4.660233 , 17.712244 , -20.541359 , 4.9 , 17.8 , -19.3
4.7062616 , 17.98487 , -20.654512 , 4.9 , 17.7 , -15.1
4.7403536 , 18.151669 , -19.528202 , 4.9 , 18.0 , -15.0
4.7657003 , 18.355526 , -18.668928 , 5.2 , 18.7 , -20.0
4.8704667 , 18.700933 , -19.46436 , 5.2 , 18.6 , -14.4
4.9474473 , 18.920942 , -18.437143 , 5.3 , 18.9 , -14.6
5.032691 , 19.163689 , -17.736784 , 5.4 , 19.0 , -12.9
5.1239486 , 19.36584 , -16.732172 , 5.3 , 18.9 , -7.9
5.1623564 , 19.481098 , -14.561359 , 5.5 , 19.0 , -3.4
5.247926 , 19.590057 , -11.681462 , 5.5 , 18.9 , 0.6
5.3107405 , 19.637228 , -8.42694 , 5.6 , 19.0 , 3.2
5.385501 , 19.696478 , -5.2999372 , 5.6 , 19.1 , 4.9
5.440366 , 19.764605 , -2.5245667 , 5.8 , 19.4 , 6.1
5.537878 , 19.89648 , -0.15017426 , 5.9 , 19.7 , 7.3
5.63794 , 20.074997 , 1.9303148 , 6.2 , 20.2 , 6.8
5.7970505 , 20.344845 , 3.3089736 , 6.2 , 20.2 , 10.0
5.9134765 , 20.53843 , 5.232469 , 6.2 , 20.1 , 15.4
5.9986544 , 20.647646 , 8.183209 , 6.4 , 20.5 , 15.5
6.11817 , 20.838226 , 10.36821 , 6.5 , 20.6 , 18.4
6.2341566 , 21.002495 , 12.793637 , 6.5 , 20.4 , 23.8
6.3189254 , 21.061716 , 16.109398 , 6.6 , 20.4 , 26.4
6.4094477 , 21.101372 , 19.274406 , 6.8 , 21.0 , 23.8
6.5327597 , 21.298399 , 20.84087 , 6.6 , 20.6 , 31.0
6.5655956 , 21.32446 , 24.041315 , 6.9 , 21.3 , 26.9
6.6752872 , 21.540201 , 25.203468 , 7.0 , 21.4 , 27.8
6.783944 , 21.723019 , 26.305075 , 6.9 , 21.0 , 33.9
6.834607 , 21.738743 , 28.849642 , 7.4 , 22.3 , 23.6
7.014477 , 22.118605 , 27.757662 , 7.4 , 22.5 , 23.6
7.1457644 , 22.450052 , 26.953005 , 7.4 , 22.3 , 26.5
7.2414927 , 22.631647 , 27.188293 , 7.4 , 22.7 , 23.6
7.3111954 , 22.875288 , 26.525076 , 7.7 , 23.2 , 20.5
7.4476624 , 23.192892 , 25.147861 , 7.8 , 23.2 , 20.3
7.575714 , 23.421537 , 24.078485 , 7.8 , 23.7 , 15.8
7.6689777 , 23.72814 , 22.004654 , 7.8 , 23.6 , 16.8
7.7367826 , 23.920105 , 20.7701 , 7.8 , 23.7 , 15.5
7.785957 , 24.085447 , 19.491825 , 7.9 , 24.1 , 11.3
7.850103 , 24.317142 , 17.352509 , 8.0 , 24.1 , 10.6
7.925186 , 24.482944 , 15.585256 , 8.2 , 25.1 , 2.5
8.036857 , 24.886593 , 11.974039 , 8.2 , 25.1 , 1.7
8.036857 , 24.886593 , 11.974039 , 8.2 , 25.1 , 1.7
8.118053 , 25.178099 , 9.103345 , 8.0 , 25.1 , 1.6
8.119747 , 25.387577 , 6.975198 , 8.2 , 26.1 , -8.1
8.177716 , 25.823088 , 2.6448834 , 7.7 , 24.9 , 2.2
8.076618 , 25.794594 , 2.4256508 , 8.1 , 26.8 , -13.4
8.116646 , 26.313494 , -2.1949313 , 8.2 , 28.0 , -23.2
8.1740675 , 27.0324 , -8.374028 , 7.8 , 26.9 , -13.2
8.101195 , 27.239605 , -10.028207 , 7.8 , 27.0 , -13.9
8.047473 , 27.41583 , -11.433292 , 7.7 , 27.7 , -18.8
7.979175 , 27.741014 , -13.857134 , 7.6 , 27.9 , -19.2
7.9002433 , 28.0321 , -15.738375 , 7.5 , 27.9 , -18.8
7.8135624 , 28.241034 , -16.993595 , 7.4 , 28.1 , -19.2
7.7212443 , 28.447094 , -18.01957 , 7.2 , 28.3 , -19.2
7.5962343 , 28.651058 , -18.763323 , 7.1 , 28.4 , -18.7
7.475956 , 28.824898 , -19.157593 , 6.9 , 28.6 , -17.6
7.3305755 , 29.00532 , -19.124693 , 6.9 , 28.8 , -18.0
7.224079 , 29.190567 , -19.208511 , 6.7 , 28.9 , -17.0
7.0888524 , 29.350756 , -18.97738 , 6.6 , 29.3 , -17.9
6.961254 , 29.578432 , -19.059471 , 6.5 , 29.6 , -18.5
6.83927 , 29.826862 , -19.284899 , 6.1 , 29.2 , -12.7
6.635631 , 29.890272 , -17.784882 , 5.9 , 28.7 , -6.9
6.429532 , 29.789825 , -15.023585 , 5.8 , 29.1 , -8.3
6.2502885 , 29.827023 , -13.39984 , 5.5 , 28.7 , -3.1
6.2502885 , 29.827023 , -13.39984 , 5.5 , 28.7 , -3.1
6.033535 , 29.736145 , -10.721028 , 5.5 , 29.8 , -7.3
5.875202 , 29.980654 , -9.959645 , 5.2 , 29.7 , -6.0
5.673839 , 30.127245 , -9.027845 , 4.8 , 28.9 , 2.8
5.4124627 , 30.002068 , -5.826933 , 4.7 , 29.7 , -1.4
5.1930585 , 30.135796 , -4.685201 , 4.3 , 28.8 , 6.9
4.9186115 , 29.972725 , -1.4750419 , 4.1 , 28.8 , 8.9
4.661175 , 29.850084 , 1.4452254 , 3.8 , 28.3 , 15.0
4.387644 , 29.61411 , 5.3251486 , 3.6 , 28.9 , 12.1
4.1310062 , 29.609936 , 7.3321195 , 3.5 , 28.7 , 15.6
3.9153793 , 29.546555 , 9.799056 , 3.2 , 28.6 , 17.4
3.6725998 , 29.468538 , 12.115577 , 2.9 , 28.7 , 18.9
3.4100192 , 29.43708 , 14.235718 , 2.8 , 29.6 , 15.1
3.1902092 , 29.668493 , 14.696145 , 2.6 , 29.1 , 20.0
2.9731286 , 29.691782 , 16.430584 , 2.4 , 29.1 , 20.9
2.7580895 , 29.705893 , 17.952456 , 2.2 , 28.7 , 24.8
2.544588 , 29.598953 , 20.17638 , 2.0 , 28.7 , 24.8
2.332254 , 29.517944 , 21.79796 , 1.7 , 28.7 , 25.4
2.0922213 , 29.455965 , 23.150257 , 1.6 , 28.7 , 24.8
1.8891714 , 29.40796 , 23.96221 , 1.4 , 28.7 , 24.8
1.6846102 , 29.370234 , 24.550446 , 1.2 , 29.2 , 21.2
1.4789822 , 29.483044 , 23.945616 , 1.1 , 28.4 , 25.4
1.3012058 , 29.334225 , 24.698902 , 0.9 , 28.8 , 20.8
1.1152325 , 29.33729 , 23.92898 , 0.8 , 28.3 , 23.5
0.95189 , 29.194118 , 24.13279 , 0.6 , 28.4 , 20.8
0.7765285 , 29.115648 , 23.504656 , 0.4 , 29.3 , 12.6
0.59240514 , 29.313295 , 20.69575 , 0.3 , 28.6 , 15.6
0.43049714 , 29.255356 , 19.495354 , 0.2 , 28.5 , 13.1
0.28485793 , 29.182121 , 17.899015 , -0.0 , 29.4 , 4.1
0.12254131 , 29.383684 , 14.155091 , -0.1 , 29.1 , 3.5
-0.023356123 , 29.44307 , 11.243517 , -0.3 , 29.1 , 0.0
-0.18582122 , 29.484282 , 8.112275 , -0.5 , 28.7 , -1.5
-0.36038008 , 29.397856 , 5.393112 , -0.6 , 28.5 , -2.4
-0.515166 , 29.275333 , 3.1475964 , -0.8 , 28.7 , -8.0
-0.6840651 , 29.24085 , -0.09476235 , -1.0 , 28.8 , -12.0
-0.8632623 , 29.242197 , -3.607762 , -1.3 , 27.9 , -8.5
-1.0785569 , 28.983862 , -5.17338 , -1.6 , 27.4 , -8.5
-1.3202146 , 28.650093 , -6.31522 , -1.8 , 27.4 , -11.1
-1.5525187 , 28.404236 , -7.890268 , -2.1 , 27.1 , -12.5
-1.8065361 , 28.136992 , -9.438645 , -2.5 , 27.4 , -19.0
-2.1049795 , 28.02575 , -12.425293 , -2.9 , 27.6 , -24.7
-2.1049795 , 28.02575 , -12.425293 , -2.9 , 27.6 , -24.7
-2.4358566 , 28.000055 , -16.234255 , -3.4 , 25.5 , -13.6
-2.81898 , 27.379368 , -15.840386 , -3.8 , 25.6 , -19.5
-3.211644 , 26.952751 , -17.23361 , -4.0 , 25.0 , -17.8
-3.5540273 , 26.468061 , -17.760563 , -4.3 , 24.6 , -17.4
-3.8881688 , 25.998234 , -18.02564 , -4.7 , 24.1 , -18.1
-4.244814 , 25.510828 , -18.413725 , -5.0 , 23.6 , -18.6
-4.5892615 , 25.010714 , -18.83457 , -5.4 , 23.1 , -18.6
-4.9533186 , 24.501453 , -19.136402 , -5.7 , 22.5 , -17.9
-5.3030624 , 23.957064 , -19.151087 , -6.1 , 22.1 , -18.7
-5.670869 , 23.444315 , -19.384712 , -6.6 , 21.4 , -17.8
-6.08041 , 22.869085 , -19.292461 , -7.0 , 21.4 , -23.3
-6.4918084 , 22.448442 , -20.791706 , -7.0 , 19.6 , -9.0
-6.790137 , 21.626364 , -17.793903 , -7.4 , 19.0 , -7.8
-7.120092 , 20.854006 , -15.253475 , -8.0 , 18.8 , -12.8
-7.5303025 , 20.232563 , -14.820774 , -8.0 , 17.8 , -6.9
-7.8276033 , 19.492939 , -12.813494 , -8.3 , 17.0 , -2.2
-8.12806 , 18.724255 , -9.998408 , -8.6 , 16.4 , -1.1
-8.430787 , 17.991692 , -7.6225705 , -8.9 , 15.6 , 1.7
-8.735134 , 17.228546 , -5.082646 , -9.2 , 15.1 , 2.1
-9.040628 , 16.52899 , -3.1095505 , -9.6 , 14.6 , 2.1
-9.375511 , 15.876101 , -1.6658772 , -9.8 , 13.8 , 7.4
-9.6746645 , 15.171728 , 0.9053588 , -10.0 , 13.0 , 14.7
-9.947654 , 14.42987 , 4.872208 , -10.4 , 12.6 , 15.9
-10.2586565 , 13.775117 , 8.114778 , -10.8 , 11.9 , 19.1
-10.597421 , 13.098448 , 11.398567 , -11.5 , 10.9 , 26.7
-11.042203 , 12.320139 , 15.96946 , -12.1 , 10.3 , 30.4
-11.535854 , 11.582023 , 20.36553 , -12.5 , 9.9 , 34.2
-12.007987 , 10.93063 , 24.661219 , -12.8 , 9.4 , 40.2
-12.43572 , 10.314205 , 29.511312 , -13.2 , 9.0 , 44.2
-12.859506 , 9.752061 , 34.193905 , -14.1 , 8.6 , 45.5
-13.423272 , 9.229716 , 37.98104 , -14.6 , 8.3 , 50.2
-13.974963 , 8.765155 , 42.08436 , -14.9 , 7.9 , 55.8
-14.460558 , 8.314341 , 46.67521 , -15.5 , 7.7 , 59.1
-14.983499 , 7.9308214 , 50.96405 , -16.3 , 7.3 , 62.0
-15.590837 , 7.5393953 , 54.916714 , -16.8 , 7.0 , 66.9
-16.174034 , 7.170825 , 59.194366 , -17.4 , 6.7 , 71.5
-16.174034 , 7.170825 , 59.194366 , -17.4 , 6.7 , 71.5
-16.174034 , 7.170825 , 59.194366 , -17.4 , 6.7 , 71.5
-16.174034 , 7.170825 , 59.194366 , -17.4 , 6.7 , 71.5
-16.174034 , 7.170825 , 59.194366 , -17.4 , 6.7 , 71.5
-16.174034 , 7.170825 , 59.194366 , -17.4 , 6.7 , 71.5
-16.174034 , 7.170825 , 59.194366 , -17.4 , 6.7 , 71.5
-16.174034 , 7.170825 , 59.194366 , -17.4 , 6.7 , 71.5
-16.174034 , 7.170825 , 59.194366 , -17.4 , 6.7 , 71.5
-16.174034 , 7.170825 , 59.194366 , -17.4 , 6.7 , 71.5
-16.174034 , 7.170825 , 59.194366 , -17.4 , 6.7 , 71.5
-16.174034 , 7.170825 , 59.194366 , -17.4 , 6.7 , 71.5
-16.174034 , 7.170825 , 59.194366 , -17.4 , 6.7 , 71.5
-16.174034 , 7.170825 , 59.194366 , -17.4 , 6.7 , 71.5
-16.174034 , 7.170825 , 59.194366 , -17.4 , 6.7 , 71.5
-16.174034 , 7.170825 , 59.194366 , -17.4 , 6.7 , 71.5
-16.174034 , 7.170825 , 59.194366 , -17.4 , 6.7 , 71.5
-16.174034 , 7.170825 , 59.194366 , -17.4 , 6.7 , 71.5
-16.174034 , 7.170825 , 59.194366 , -17.4 , 6.7 , 71.5
-16.174034 , 7.170825 , 59.194366 , -17.4 , 6.7 , 71.5
-16.174034 , 7.170825 , 59.194366 , -17.4 , 6.7 , 71.5
-16.174034 , 7.170825 , 59.194366 , -17.4 , 6.7 , 71.5
-16.174034 , 7.170825 , 59.194366 , -17.4 , 6.7 , 71.5
-16.174034 , 7.170825 , 59.194366 , -17.4 , 6.7 , 71.5
-16.174034 , 7.170825 , 59.194366 , -17.4 , 6.7 , 71.5
-16.174034 , 7.170825 , 59.194366 , -17.4 , 6.7 , 71.5
-16.174034 , 7.170825 , 59.194366 , -17.4 , 6.7 , 71.5
-16.174034 , 7.170825 , 59.194366 , -17.4 , 6.7 , 71.5
-16.174034 , 7.170825 , 59.194366 , -17.4 , 6.7 , 71.5
-16.174034 , 7.170825 , 59.194366 , -17.4 , 6.7 , 71.5
-16.174034 , 7.170825 , 59.194366 , -17.4 , 6.7 , 71.5
-16.174034 , 7.170825 , 59.194366 , -17.4 , 6.7 , 71.5
-16.174034 , 7.170825 , 59.194366 , -17.4 , 6.7 , 71.5
-16.174034 , 7.170825 , 59.194366 , -17.4 , 6.7 , 71.5
-16.174034 , 7.170825 , 59.194366 , -17.4 , 6.7 , 71.5
-16.174034 , 7.170825 , 59.194366 , -17.4 , 6.7 , 71.5
-16.174034 , 7.170825 , 59.194366 , -17.4 , 6.7 , 71.5
-16.174034 , 7.170825 , 59.194366 , -17.4 , 6.7 , 71.5
-16.174034 , 7.170825 , 59.194366 , -17.4 , 6.7 , 71.5
-16.174034 , 7.170825 , 59.194366 , -17.4 , 6.7 , 71.5
-16.174034 , 7.170825 , 59.194366 , -17.4 , 6.7 , 71.5
-16.174034 , 7.170825 , 59.194366 , -17.4 , 6.7 , 71.5
-16.174034 , 7.170825 , 59.194366 , -17.4 , 6.7 , 71.5
-16.174034 , 7.170825 , 59.194366 , -17.4 , 6.7 , 71.5
-16.174034 , 7.170825 , 59.194366 , -17.4 , 6.7 , 71.5
-16.174034 , 7.170825 , 59.194366 , -17.4 , 6.7 , 71.5
-16.174034 , 7.170825 , 59.194366 , -17.4 , 6.7 , 71.5
-16.174034 , 7.170825 , 59.194366 , -17.4 , 6.7 , 71.5
-16.174034 , 7.170825 , 59.194366 , -17.4 , 6.7 , 71.5
-16.174034 , 7.170825 , 59.194366 , -17.4 , 6.7 , 71.5
-16.174034 , 7.170825 , 59.194366 , -17.4 , 6.7 , 71.5
-16.174034 , 7.170825 , 59.194366 , -17.4 , 6.7 , 71.5
-16.174034 , 7.170825 , 59.194366 , -17.4 , 6.7 , 71.5
-16.174034 , 7.170825 , 59.194366 , -17.4 , 6.7 , 71.5
-16.174034 , 7.170825 , 59.194366 , -17.4 , 6.7 , 71.5
-16.174034 , 7.170825 , 59.194366 , -17.4 , 6.7 , 71.5
-16.174034 , 7.170825 , 59.194366 , -17.4 , 6.7 , 71.5
-16.174034 , 7.170825 , 59.194366 , -17.4 , 6.7 , 71.5
-16.174034 , 7.170825 , 59.194366 , -17.4 , 6.7 , 71.5
-16.174034 , 7.170825 , 59.194366 , -17.4 , 6.7 , 71.5
-16.174034 , 7.170825 , 59.194366 , -17.4 , 6.7 , 71.5
-16.174034 , 7.170825 , 59.194366 , -17.4 , 6.7 , 71.5
-16.174034 , 7.170825 , 59.194366 , -17.4 , 6.7 , 71.5
-16.768064 , 6.8190145 , 63.622974 , -47.3 , 7.0 , -10.9
-25.745266 , 6.6510105 , 43.292233 , -46.9 , 7.3 , -5.5
-32.189484 , 6.6174116 , 29.95828 , -46.7 , 7.6 , -1.3
-36.836884 , 6.682057 , 21.40177 , -47.0 , 8.1 , 0.4
-40.31207 , 6.8756433 , 15.62676 , -47.8 , 8.7 , -1.7
-43.07215 , 7.1920013 , 10.801258 , -48.3 , 9.1 , -1.6
-45.222946 , 7.5408363 , 7.30031 , -47.5 , 9.3 , 3.0
-46.556164 , 7.856109 , 6.0552297 , -48.2 , 9.9 , 0.8
-47.720062 , 8.261041 , 4.5164843 , -48.6 , 10.4 , -0.1
-48.67425 , 8.702801 , 3.1349769 , -48.2 , 10.8 , 0.5
-49.246334 , 9.142748 , 2.2975664 , -48.4 , 11.3 , -1.4
-49.71051 , 9.609792 , 1.1436718 , -47.8 , 11.6 , 0.1
-49.71051 , 9.609792 , 1.1436718 , -47.8 , 11.6 , 0.1
-49.867157 , 10.039323 , 0.730449 , -49.6 , 13.0 , -12.2
-50.485043 , 10.755681 , -3.0854964 , -50.5 , 13.8 , -19.0
-50.485043 , 10.755681 , -3.0854964 , -50.5 , 13.8 , -19.0
-50.485043 , 10.755681 , -3.0854964 , -50.5 , 13.8 , -19.0
-51.18299 , 11.51007 , -7.8167663 , -49.2 , 14.4 , -16.1
-51.310658 , 12.234872 , -10.443651 , -49.7 , 14.6 , -18.2
-51.535904 , 12.823486 , -12.960098 , -50.2 , 14.7 , -20.1
-51.832626 , 13.283743 , -15.338013 , -50.0 , 14.8 , -19.6
-51.832626 , 13.283743 , -15.338013 , -50.0 , 14.8 , -19.6
-51.98163 , 13.649989 , -16.92809 , -48.9 , 15.1 , -17.8
-51.98163 , 13.649989 , -16.92809 , -48.9 , 15.1 , -17.8
-51.765503 , 14.004535 , -17.57012 , -49.2 , 15.4 , -19.8
-51.68273 , 14.350412 , -18.604895 , -49.2 , 15.4 , -19.8
-51.68273 , 14.350412 , -18.604895 , -49.2 , 15.4 , -19.8
-51.611923 , 14.604098 , -19.355062 , -48.8 , 15.1 , -16.8
-51.43572 , 14.704541 , -19.03955 , -50.3 , 15.5 , -23.5
-51.725693 , 14.89295 , -20.717314 , -49.4 , 15.2 , -18.7
-51.670704 , 14.945559 , -20.565533 , -50.2 , 15.3 , -21.7
-51.8495 , 15.013158 , -21.305304 , -48.8 , 14.7 , -13.9
-51.8495 , 15.013158 , -21.305304 , -48.8 , 14.7 , -13.9
-51.570576 , 14.891626 , -19.610209 , -50.8 , 15.0 , -21.1
-51.9289 , 14.889038 , -20.422218 , -51.0 , 15.0 , -21.3
-52.238842 , 14.88768 , -21.06688 , -51.1 , 14.9 , -19.9
-52.484882 , 14.858635 , -21.131794 , -51.8 , 14.8 , -21.6
-52.855747 , 14.809341 , -21.658821 , -53.4 , 15.3 , -28.2
-52.855747 , 14.809341 , -21.658821 , -53.4 , 15.3 , -28.2
-53.57517 , 14.916728 , -23.924185 , -53.5 , 15.2 , -26.0
-54.120728 , 14.967174 , -24.945211 , -53.8 , 15.2 , -26.4
-54.596302 , 15.004539 , -25.799173 , -54.0 , 15.2 , -26.4
-54.99213 , 15.03232 , -26.416527 , -54.3 , 15.2 , -26.3
-55.358257 , 15.053078 , -26.832212 , -55.7 , 15.5 , -31.5
-56.017086 , 15.154427 , -28.615143 , -55.3 , 15.4 , -28.2
-56.375496 , 15.200357 , -28.968306 , -52.0 , 14.5 , -13.2
-56.375496 , 15.200357 , -28.968306 , -52.0 , 14.5 , -13.2
-55.68546 , 14.97711 , -24.932123 , -56.2 , 15.7 , -30.1
-56.372467 , 15.15723 , -26.804026 , -54.4 , 15.3 , -21.5
-56.351707 , 15.175011 , -25.708399 , -54.6 , 15.2 , -21.9
-56.385082 , 15.1598 , -25.015142 , -54.3 , 15.2 , -19.8
-56.315277 , 15.149039 , -23.901955 , -54.1 , 15.1 , -18.0
-56.19875 , 15.112951 , -22.567806 , -53.8 , 15.1 , -16.2
-56.019638 , 15.0869255 , -21.072517 , -55.9 , 15.6 , -25.5
-56.480816 , 15.21115 , -22.632078 , -54.3 , 15.2 , -17.7
-56.35284 , 15.188008 , -21.5384 , -54.4 , 15.2 , -18.0
-56.28001 , 15.171412 , -20.81963 , -56.4 , 15.7 , -25.9
-56.790627 , 15.302492 , -22.547222 , -53.7 , 15.0 , -13.8
-56.384747 , 15.198592 , -20.347857 , -56.3 , 15.7 , -24.5
-56.82348 , 15.322965 , -21.79312 , -54.5 , 15.2 , -16.4
-56.622463 , 15.271301 , -20.53077 , -55.5 , 15.5 , -20.7
-56.75394 , 15.319534 , -20.832369 , -54.6 , 15.2 , -16.4
-56.58568 , 15.269338 , -19.820013 , -55.5 , 15.5 , -20.1
-56.712765 , 15.318634 , -20.133276 , -54.7 , 15.3 , -16.6
-56.712765 , 15.318634 , -20.133276 , -54.7 , 15.3 , -16.6
-56.712765 , 15.318634 , -20.133276 , -54.7 , 15.3 , -16.6
-56.57011 , 15.297787 , -19.358389 , -56.0 , 15.7 , -21.5
-56.830456 , 15.397105 , -20.18847 , -56.0 , 15.7 , -21.5
-57.014053 , 15.469963 , -20.791826 , -55.1 , 15.5 , -17.4
-56.88439 , 15.466293 , -20.057634 , -55.2 , 15.4 , -17.2
-56.811554 , 15.435235 , -19.460037 , -55.2 , 15.4 , -17.2
-56.751812 , 15.412728 , -19.019705 , -55.2 , 15.5 , -17.4
-56.701775 , 15.425055 , -18.7517 , -56.2 , 15.8 , -21.2
-56.9447 , 15.5199995 , -19.638578 , -56.3 , 15.8 , -20.7
-57.14472 , 15.589606 , -20.14106 , -55.6 , 15.6 , -17.2
-57.0848 , 15.58351 , -19.505075 , -55.4 , 15.7 , -16.2
-56.97778 , 15.6077795 , -18.751152 , -55.2 , 15.7 , -14.9
-56.97778 , 15.6077795 , -18.751152 , -55.2 , 15.7 , -14.9
-56.836437 , 15.62567 , -17.8255 , -56.3 , 16.1 , -18.9
-56.836437 , 15.62567 , -17.8255 , -56.3 , 16.1 , -18.9
-57.04161 , 15.753192 , -18.28906 , -54.8 , 15.8 , -11.6
-57.04161 , 15.753192 , -18.28906 , -54.8 , 15.8 , -11.6
-56.757263 , 15.760821 , -16.539452 , -56.4 , 16.4 , -16.8
-57.000935 , 15.937947 , -16.743767 , -57.4 , 16.8 , -21.3
-57.45931 , 16.181828 , -18.176933 , -56.7 , 16.6 , -17.6
-57.58889 , 16.303007 , -18.16526 , -56.9 , 16.8 , -17.5
-57.58889 , 16.303007 , -18.16526 , -56.9 , 16.8 , -17.5
-57.58889 , 16.303007 , -18.16526 , -56.9 , 16.8 , -17.5
-57.735252 , 16.448723 , -18.125713 , -55.5 , 16.7 , -10.9
-57.735252 , 16.448723 , -18.125713 , -55.5 , 16.7 , -10.9
-57.43674 , 16.52662 , -16.20848 , -57.9 , 17.6 , -20.4
-57.898888 , 16.84065 , -17.519154 , -56.8 , 17.3 , -15.4
-57.917164 , 16.984385 , -17.046772 , -58.1 , 17.8 , -20.9
-58.296696 , 17.232141 , -18.27091 , -56.8 , 17.4 , -15.4
-58.19747 , 17.298738 , -17.59225 , -57.1 , 17.6 , -16.6
-58.19747 , 17.298738 , -17.59225 , -57.1 , 17.6 , -16.6
-58.205425 , 17.404287 , -17.43676 , -58.2 , 18.0 , -21.2
-58.52043 , 17.595444 , -18.635448 , -56.8 , 17.7 , -15.8
-58.345634 , 17.649141 , -17.966778 , -56.8 , 17.7 , -15.8
-58.345634 , 17.649141 , -17.966778 , -56.8 , 17.7 , -15.8
-58.345634 , 17.649141 , -17.966778 , -56.8 , 17.7 , -15.8
-58.212803 , 17.68803 , -17.475702 , -57.3 , 18.0 , -18.5
-58.253643 , 17.801804 , -17.886154 , -57.3 , 18.0 , -18.5
-58.27869 , 17.884596 , -18.184326 , -58.4 , 18.3 , -23.2
-58.606564 , 18.030436 , -19.743284 , -57.0 , 17.8 , -17.4
-58.606564 , 18.030436 , -19.743284 , -57.0 , 17.8 , -17.4
-58.606564 , 18.030436 , -19.743284 , -57.0 , 17.8 , -17.4
-58.606564 , 18.030436 , -19.743284 , -57.0 , 17.8 , -17.4
-58.606564 , 18.030436 , -19.743284 , -57.0 , 17.8 , -17.4
-58.441547 , 17.993765 , -19.223684 , -57.1 , 18.0 , -18.6
-58.441547 , 17.993765 , -19.223684 , -57.1 , 18.0 , -18.6
-58.3448 , 18.023651 , -19.18433 , -56.7 , 17.9 , -17.4
-58.15521 , 18.016493 , -18.810474 , -55.4 , 17.5 , -12.0
-57.640694 , 17.896534 , -16.992079 , -56.7 , 18.0 , -17.8
-57.631653 , 17.951275 , -17.31795 , -56.5 , 17.9 , -17.0
-57.56375 , 17.962332 , -17.326069 , -56.5 , 17.9 , -17.0
-57.51003 , 17.970018 , -17.33042 , -57.4 , 18.3 , -21.3
-57.723907 , 18.089533 , -18.560646 , -57.4 , 18.3 , -21.3
-57.876335 , 18.176514 , -19.458443 , -57.4 , 18.3 , -21.3
-57.98385 , 18.239685 , -20.112925 , -56.4 , 18.0 , -17.0
-57.772827 , 18.199718 , -19.360737 , -57.5 , 18.4 , -22.2
-57.92899 , 18.284348 , -20.294409 , -57.5 , 18.4 , -22.2
-58.039402 , 18.34579 , -20.975 , -57.5 , 18.4 , -22.2
-58.039402 , 18.34579 , -20.975 , -57.5 , 18.4 , -22.2
-58.11639 , 18.390268 , -21.470367 , -57.5 , 18.4 , -22.2
-58.11639 , 18.390268 , -21.470367 , -57.5 , 18.4 , -22.2
-58.11639 , 18.390268 , -21.470367 , -57.5 , 18.4 , -22.2
-58.168972 , 18.422337 , -21.830183 , -56.5 , 18.1 , -17.6
-57.918037 , 18.359612 , -20.776537 , -57.4 , 18.5 , -21.7
-57.988117 , 18.427588 , -21.175236 , -57.4 , 18.5 , -21.7
-58.035854 , 18.47685 , -21.464552 , -56.5 , 18.1 , -17.6
-57.810154 , 18.398136 , -20.502424 , -56.4 , 18.2 , -17.7
-57.61317 , 18.368717 , -19.825386 , -56.4 , 18.2 , -17.7
-57.46587 , 18.346792 , -19.328476 , -56.4 , 18.2 , -17.7
-57.35499 , 18.330357 , -18.963455 , -56.4 , 18.2 , -17.7
-57.35499 , 18.330357 , -18.963455 , -56.4 , 18.2 , -17.7
-57.35499 , 18.330357 , -18.963455 , -56.4 , 18.2 , -17.7
-57.270817 , 18.31795 , -18.695007 , -57.6 , 18.6 , -23.2
-57.5491 , 18.422777 , -20.068647 , -56.6 , 18.2 , -18.7
-57.463867 , 18.384756 , -19.785778 , -56.2 , 18.1 , -17.6
-57.28429 , 18.327993 , -19.26299 , -56.2 , 18.1 , -17.6
-57.150097 , 18.286121 , -18.879189 , -56.2 , 18.1 , -17.6
-57.049168 , 18.255152 , -18.597153 , -56.3 , 18.1 , -17.7
-57.00121 , 18.23217 , -18.418203 , -56.1 , 18.2 , -17.8
-57.00121 , 18.23217 , -18.418203 , -56.1 , 18.2 , -17.8
-57.00121 , 18.23217 , -18.418203 , -56.1 , 18.2 , -17.8
-56.906334 , 18.24361 , -18.31471 , -56.3 , 18.2 , -18.8
-56.891495 , 18.251657 , -18.523571 , -57.4 , 18.5 , -23.5
